Nome,Data,Estado,Apoiamentos
CD - CONSCIÊNCIA DEMOCRÁTICA,2024-07-09,AC,Total de aptos: 0
CD - CONSCIÊNCIA DEMOCRÁTICA,2024-07-09,AL,Total de aptos: 0
CD - CONSCIÊNCIA DEMOCRÁTICA,2024-07-09,AP,Total de aptos: 0
CD - CONSCIÊNCIA DEMOCRÁTICA,2024-07-09,AM,Total de aptos: 0
CD - CONSCIÊNCIA DEMOCRÁTICA,2024-07-09,BA,Total de aptos: 0
CD - CONSCIÊNCIA DEMOCRÁTICA,2024-07-09,CE,Total de aptos: 0
CD - CONSCIÊNCIA DEMOCRÁTICA,2024-07-09,DF,Total de aptos: 0
CD - CONSCIÊNCIA DEMOCRÁTICA,2024-07-09,ES,Total de aptos: 0
CD - CONSCIÊNCIA DEMOCRÁTICA,2024-07-09,GO,Total de aptos: 0
CD - CONSCIÊNCIA DEMOCRÁTICA,2024-07-09,MA,Total de aptos: 0
CD - CONSCIÊNCIA DEMOCRÁTICA,2024-07-09,MT,Total de aptos: 0
CD - CONSCIÊNCIA DEMOCRÁTICA,2024-07-09,MS,Total de aptos: 0
CD - CONSCIÊNCIA DEMOCRÁTICA,2024-07-09,MG,Total de aptos: 0
CD - CONSCIÊNCIA DEMOCRÁTICA,2024-07-09,PA,Total de aptos: 0
CD - CONSCIÊNCIA DEMOCRÁTICA,2024-07-09,PB,Total de aptos: 0
CD - CONSCIÊNCIA DEMOCRÁTICA,2024-07-09,PR,Total de aptos: 0
CD - CONSCIÊNCIA DEMOCRÁTICA,2024-07-09,PE,Total de aptos: 0
CD - CONSCIÊNCIA DEMOCRÁTICA,2024-07-09,PI,Total de aptos: 0
CD - CONSCIÊNCIA DEMOCRÁTICA,2024-07-09,RJ,Total de aptos: 0
CD - CONSCIÊNCIA DEMOCRÁTICA,2024-07-09,RN,Total de aptos: 0
CD - CONSCIÊNCIA DEMOCRÁTICA,2024-07-09,RS,Total de aptos: 0
CD - CONSCIÊNCIA DEMOCRÁTICA,2024-07-09,RO,Total de aptos: 0
CD - CONSCIÊNCIA DEMOCRÁTICA,2024-07-09,RR,Total de aptos: 0
CD - CONSCIÊNCIA DEMOCRÁTICA,2024-07-09,SC,Total de aptos: 0
CD - CONSCIÊNCIA DEMOCRÁTICA,2024-07-09,SP,Total de aptos: 0
CD - CONSCIÊNCIA DEMOCRÁTICA,2024-07-09,SE,Total de aptos: 0
CD - CONSCIÊNCIA DEMOCRÁTICA,2024-07-09,TO,Total de aptos: 0
JUVENTUDE - JUVENTUDE,2024-07-09,AC,Total de aptos: 0
JUVENTUDE - JUVENTUDE,2024-07-09,AL,Total de aptos: 0
JUVENTUDE - JUVENTUDE,2024-07-09,AP,Total de aptos: 0
JUVENTUDE - JUVENTUDE,2024-07-09,AM,Total de aptos: 0
JUVENTUDE - JUVENTUDE,2024-07-09,BA,Total de aptos: 0
JUVENTUDE - JUVENTUDE,2024-07-09,CE,Total de aptos: 0
JUVENTUDE - JUVENTUDE,2024-07-09,DF,Total de aptos: 0
JUVENTUDE - JUVENTUDE,2024-07-09,ES,Total de aptos: 0
JUVENTUDE - JUVENTUDE,2024-07-09,GO,Total de aptos: 0
JUVENTUDE - JUVENTUDE,2024-07-09,MA,Total de aptos: 0
JUVENTUDE - JUVENTUDE,2024-07-09,MT,Total de aptos: 0
JUVENTUDE - JUVENTUDE,2024-07-09,MS,Total de aptos: 0
JUVENTUDE - JUVENTUDE,2024-07-09,MG,Total de aptos: 0
JUVENTUDE - JUVENTUDE,2024-07-09,PA,Total de aptos: 0
JUVENTUDE - JUVENTUDE,2024-07-09,PB,Total de aptos: 0
JUVENTUDE - JUVENTUDE,2024-07-09,PR,Total de aptos: 0
JUVENTUDE - JUVENTUDE,2024-07-09,PE,Total de aptos: 0
JUVENTUDE - JUVENTUDE,2024-07-09,PI,Total de aptos: 0
JUVENTUDE - JUVENTUDE,2024-07-09,RJ,Total de aptos: 0
JUVENTUDE - JUVENTUDE,2024-07-09,RN,Total de aptos: 0
JUVENTUDE - JUVENTUDE,2024-07-09,RS,Total de aptos: 0
JUVENTUDE - JUVENTUDE,2024-07-09,RO,Total de aptos: 0
JUVENTUDE - JUVENTUDE,2024-07-09,RR,Total de aptos: 0
JUVENTUDE - JUVENTUDE,2024-07-09,SC,Total de aptos: 0
JUVENTUDE - JUVENTUDE,2024-07-09,SP,Total de aptos: 0
JUVENTUDE - JUVENTUDE,2024-07-09,SE,Total de aptos: 0
JUVENTUDE - JUVENTUDE,2024-07-09,TO,Total de aptos: 0
MCB - MOVIMENTO CONSCIÊNCIA BRASIL,2024-07-09,AC,Total de aptos: 0
MCB - MOVIMENTO CONSCIÊNCIA BRASIL,2024-07-09,AL,Total de aptos: 0
MCB - MOVIMENTO CONSCIÊNCIA BRASIL,2024-07-09,AP,Total de aptos: 0
MCB - MOVIMENTO CONSCIÊNCIA BRASIL,2024-07-09,AM,Total de aptos: 86
MCB - MOVIMENTO CONSCIÊNCIA BRASIL,2024-07-09,BA,Total de aptos: 511
MCB - MOVIMENTO CONSCIÊNCIA BRASIL,2024-07-09,CE,Total de aptos: 0
MCB - MOVIMENTO CONSCIÊNCIA BRASIL,2024-07-09,DF,Total de aptos: 0
MCB - MOVIMENTO CONSCIÊNCIA BRASIL,2024-07-09,ES,Total de aptos: 0
MCB - MOVIMENTO CONSCIÊNCIA BRASIL,2024-07-09,GO,Total de aptos: 0
MCB - MOVIMENTO CONSCIÊNCIA BRASIL,2024-07-09,MA,Total de aptos: 0
MCB - MOVIMENTO CONSCIÊNCIA BRASIL,2024-07-09,MT,Total de aptos: 0
MCB - MOVIMENTO CONSCIÊNCIA BRASIL,2024-07-09,MS,Total de aptos: 0
MCB - MOVIMENTO CONSCIÊNCIA BRASIL,2024-07-09,MG,Total de aptos: 0
MCB - MOVIMENTO CONSCIÊNCIA BRASIL,2024-07-09,PA,Total de aptos: 0
MCB - MOVIMENTO CONSCIÊNCIA BRASIL,2024-07-09,PB,Total de aptos: 0
MCB - MOVIMENTO CONSCIÊNCIA BRASIL,2024-07-09,PR,Total de aptos: 0
MCB - MOVIMENTO CONSCIÊNCIA BRASIL,2024-07-09,PE,Total de aptos: 4
MCB - MOVIMENTO CONSCIÊNCIA BRASIL,2024-07-09,PI,Total de aptos: 0
MCB - MOVIMENTO CONSCIÊNCIA BRASIL,2024-07-09,RJ,Total de aptos: 510
MCB - MOVIMENTO CONSCIÊNCIA BRASIL,2024-07-09,RN,Total de aptos: 0
MCB - MOVIMENTO CONSCIÊNCIA BRASIL,2024-07-09,RS,Total de aptos: 0
MCB - MOVIMENTO CONSCIÊNCIA BRASIL,2024-07-09,RO,Total de aptos: 0
MCB - MOVIMENTO CONSCIÊNCIA BRASIL,2024-07-09,RR,Total de aptos: 0
MCB - MOVIMENTO CONSCIÊNCIA BRASIL,2024-07-09,SC,Total de aptos: 0
MCB - MOVIMENTO CONSCIÊNCIA BRASIL,2024-07-09,SP,Total de aptos: 0
MCB - MOVIMENTO CONSCIÊNCIA BRASIL,2024-07-09,SE,Total de aptos: 0
MCB - MOVIMENTO CONSCIÊNCIA BRASIL,2024-07-09,TO,Total de aptos: 0
MEB - MOVIMENTO ESPERANÇA BRASIL - BRASIL - BR - NACIONAL,2024-07-09,AC,Total de aptos: 0
MEB - MOVIMENTO ESPERANÇA BRASIL - BRASIL - BR - NACIONAL,2024-07-09,AL,Total de aptos: 0
MEB - MOVIMENTO ESPERANÇA BRASIL - BRASIL - BR - NACIONAL,2024-07-09,AP,Total de aptos: 0
MEB - MOVIMENTO ESPERANÇA BRASIL - BRASIL - BR - NACIONAL,2024-07-09,AM,Total de aptos: 0
MEB - MOVIMENTO ESPERANÇA BRASIL - BRASIL - BR - NACIONAL,2024-07-09,BA,Total de aptos: 0
MEB - MOVIMENTO ESPERANÇA BRASIL - BRASIL - BR - NACIONAL,2024-07-09,CE,Total de aptos: 0
MEB - MOVIMENTO ESPERANÇA BRASIL - BRASIL - BR - NACIONAL,2024-07-09,DF,Total de aptos: 0
MEB - MOVIMENTO ESPERANÇA BRASIL - BRASIL - BR - NACIONAL,2024-07-09,ES,Total de aptos: 0
MEB - MOVIMENTO ESPERANÇA BRASIL - BRASIL - BR - NACIONAL,2024-07-09,GO,Total de aptos: 0
MEB - MOVIMENTO ESPERANÇA BRASIL - BRASIL - BR - NACIONAL,2024-07-09,MA,Total de aptos: 0
MEB - MOVIMENTO ESPERANÇA BRASIL - BRASIL - BR - NACIONAL,2024-07-09,MT,Total de aptos: 0
MEB - MOVIMENTO ESPERANÇA BRASIL - BRASIL - BR - NACIONAL,2024-07-09,MS,Total de aptos: 0
MEB - MOVIMENTO ESPERANÇA BRASIL - BRASIL - BR - NACIONAL,2024-07-09,MG,Total de aptos: 0
MEB - MOVIMENTO ESPERANÇA BRASIL - BRASIL - BR - NACIONAL,2024-07-09,PA,Total de aptos: 0
MEB - MOVIMENTO ESPERANÇA BRASIL - BRASIL - BR - NACIONAL,2024-07-09,PB,Total de aptos: 0
MEB - MOVIMENTO ESPERANÇA BRASIL - BRASIL - BR - NACIONAL,2024-07-09,PR,Total de aptos: 0
MEB - MOVIMENTO ESPERANÇA BRASIL - BRASIL - BR - NACIONAL,2024-07-09,PE,Total de aptos: 0
MEB - MOVIMENTO ESPERANÇA BRASIL - BRASIL - BR - NACIONAL,2024-07-09,PI,Total de aptos: 0
MEB - MOVIMENTO ESPERANÇA BRASIL - BRASIL - BR - NACIONAL,2024-07-09,RJ,Total de aptos: 0
MEB - MOVIMENTO ESPERANÇA BRASIL - BRASIL - BR - NACIONAL,2024-07-09,RN,Total de aptos: 0
MEB - MOVIMENTO ESPERANÇA BRASIL - BRASIL - BR - NACIONAL,2024-07-09,RS,Total de aptos: 0
MEB - MOVIMENTO ESPERANÇA BRASIL - BRASIL - BR - NACIONAL,2024-07-09,RO,Total de aptos: 0
MEB - MOVIMENTO ESPERANÇA BRASIL - BRASIL - BR - NACIONAL,2024-07-09,RR,Total de aptos: 0
MEB - MOVIMENTO ESPERANÇA BRASIL - BRASIL - BR - NACIONAL,2024-07-09,SC,Total de aptos: 0
MEB - MOVIMENTO ESPERANÇA BRASIL - BRASIL - BR - NACIONAL,2024-07-09,SP,Total de aptos: 0
MEB - MOVIMENTO ESPERANÇA BRASIL - BRASIL - BR - NACIONAL,2024-07-09,SE,Total de aptos: 0
MEB - MOVIMENTO ESPERANÇA BRASIL - BRASIL - BR - NACIONAL,2024-07-09,TO,Total de aptos: 0
ORDEM - ORDEM,2024-07-09,AC,Total de aptos: 0
ORDEM - ORDEM,2024-07-09,AL,Total de aptos: 0
ORDEM - ORDEM,2024-07-09,AP,Total de aptos: 0
ORDEM - ORDEM,2024-07-09,AM,Total de aptos: 0
ORDEM - ORDEM,2024-07-09,BA,Total de aptos: 0
ORDEM - ORDEM,2024-07-09,CE,Total de aptos: 0
ORDEM - ORDEM,2024-07-09,DF,Total de aptos: 0
ORDEM - ORDEM,2024-07-09,ES,Total de aptos: 0
ORDEM - ORDEM,2024-07-09,GO,Total de aptos: 0
ORDEM - ORDEM,2024-07-09,MA,Total de aptos: 0
ORDEM - ORDEM,2024-07-09,MT,Total de aptos: 0
ORDEM - ORDEM,2024-07-09,MS,Total de aptos: 0
ORDEM - ORDEM,2024-07-09,MG,Total de aptos: 0
ORDEM - ORDEM,2024-07-09,PA,Total de aptos: 0
ORDEM - ORDEM,2024-07-09,PB,Total de aptos: 0
ORDEM - ORDEM,2024-07-09,PR,Total de aptos: 0
ORDEM - ORDEM,2024-07-09,PE,Total de aptos: 0
ORDEM - ORDEM,2024-07-09,PI,Total de aptos: 0
ORDEM - ORDEM,2024-07-09,RJ,Total de aptos: 0
ORDEM - ORDEM,2024-07-09,RN,Total de aptos: 0
ORDEM - ORDEM,2024-07-09,RS,Total de aptos: 0
ORDEM - ORDEM,2024-07-09,RO,Total de aptos: 0
ORDEM - ORDEM,2024-07-09,RR,Total de aptos: 0
ORDEM - ORDEM,2024-07-09,SC,Total de aptos: 0
ORDEM - ORDEM,2024-07-09,SP,Total de aptos: 0
ORDEM - ORDEM,2024-07-09,SE,Total de aptos: 0
ORDEM - ORDEM,2024-07-09,TO,Total de aptos: 0
AFRO - PARTIDO AFROBRASILIDADE,2024-07-09,AC,Total de aptos: 0
AFRO - PARTIDO AFROBRASILIDADE,2024-07-09,AL,Total de aptos: 0
AFRO - PARTIDO AFROBRASILIDADE,2024-07-09,AP,Total de aptos: 0
AFRO - PARTIDO AFROBRASILIDADE,2024-07-09,AM,Total de aptos: 0
AFRO - PARTIDO AFROBRASILIDADE,2024-07-09,BA,Total de aptos: 0
AFRO - PARTIDO AFROBRASILIDADE,2024-07-09,CE,Total de aptos: 0
AFRO - PARTIDO AFROBRASILIDADE,2024-07-09,DF,Total de aptos: 0
AFRO - PARTIDO AFROBRASILIDADE,2024-07-09,ES,Total de aptos: 0
AFRO - PARTIDO AFROBRASILIDADE,2024-07-09,GO,Total de aptos: 0
AFRO - PARTIDO AFROBRASILIDADE,2024-07-09,MA,Total de aptos: 0
AFRO - PARTIDO AFROBRASILIDADE,2024-07-09,MT,Total de aptos: 0
AFRO - PARTIDO AFROBRASILIDADE,2024-07-09,MS,Total de aptos: 0
AFRO - PARTIDO AFROBRASILIDADE,2024-07-09,MG,Total de aptos: 0
AFRO - PARTIDO AFROBRASILIDADE,2024-07-09,PA,Total de aptos: 0
AFRO - PARTIDO AFROBRASILIDADE,2024-07-09,PB,Total de aptos: 0
AFRO - PARTIDO AFROBRASILIDADE,2024-07-09,PR,Total de aptos: 0
AFRO - PARTIDO AFROBRASILIDADE,2024-07-09,PE,Total de aptos: 0
AFRO - PARTIDO AFROBRASILIDADE,2024-07-09,PI,Total de aptos: 0
AFRO - PARTIDO AFROBRASILIDADE,2024-07-09,RJ,Total de aptos: 0
AFRO - PARTIDO AFROBRASILIDADE,2024-07-09,RN,Total de aptos: 0
AFRO - PARTIDO AFROBRASILIDADE,2024-07-09,RS,Total de aptos: 0
AFRO - PARTIDO AFROBRASILIDADE,2024-07-09,RO,Total de aptos: 0
AFRO - PARTIDO AFROBRASILIDADE,2024-07-09,RR,Total de aptos: 0
AFRO - PARTIDO AFROBRASILIDADE,2024-07-09,SC,Total de aptos: 0
AFRO - PARTIDO AFROBRASILIDADE,2024-07-09,SP,Total de aptos: 0
AFRO - PARTIDO AFROBRASILIDADE,2024-07-09,SE,Total de aptos: 0
AFRO - PARTIDO AFROBRASILIDADE,2024-07-09,TO,Total de aptos: 0
AMBIENTALISTAS - PARTIDO AMBIENTALISTAS,2024-07-09,AC,Total de aptos: 0
AMBIENTALISTAS - PARTIDO AMBIENTALISTAS,2024-07-09,AL,Total de aptos: 0
AMBIENTALISTAS - PARTIDO AMBIENTALISTAS,2024-07-09,AP,Total de aptos: 0
AMBIENTALISTAS - PARTIDO AMBIENTALISTAS,2024-07-09,AM,Total de aptos: 0
AMBIENTALISTAS - PARTIDO AMBIENTALISTAS,2024-07-09,BA,Total de aptos: 0
AMBIENTALISTAS - PARTIDO AMBIENTALISTAS,2024-07-09,CE,Total de aptos: 0
AMBIENTALISTAS - PARTIDO AMBIENTALISTAS,2024-07-09,DF,Total de aptos: 0
AMBIENTALISTAS - PARTIDO AMBIENTALISTAS,2024-07-09,ES,Total de aptos: 0
AMBIENTALISTAS - PARTIDO AMBIENTALISTAS,2024-07-09,GO,Total de aptos: 0
AMBIENTALISTAS - PARTIDO AMBIENTALISTAS,2024-07-09,MA,Total de aptos: 0
AMBIENTALISTAS - PARTIDO AMBIENTALISTAS,2024-07-09,MT,Total de aptos: 0
AMBIENTALISTAS - PARTIDO AMBIENTALISTAS,2024-07-09,MS,Total de aptos: 0
AMBIENTALISTAS - PARTIDO AMBIENTALISTAS,2024-07-09,MG,Total de aptos: 0
AMBIENTALISTAS - PARTIDO AMBIENTALISTAS,2024-07-09,PA,Total de aptos: 0
AMBIENTALISTAS - PARTIDO AMBIENTALISTAS,2024-07-09,PB,Total de aptos: 0
AMBIENTALISTAS - PARTIDO AMBIENTALISTAS,2024-07-09,PR,Total de aptos: 0
AMBIENTALISTAS - PARTIDO AMBIENTALISTAS,2024-07-09,PE,Total de aptos: 0
AMBIENTALISTAS - PARTIDO AMBIENTALISTAS,2024-07-09,PI,Total de aptos: 0
AMBIENTALISTAS - PARTIDO AMBIENTALISTAS,2024-07-09,RJ,Total de aptos: 0
AMBIENTALISTAS - PARTIDO AMBIENTALISTAS,2024-07-09,RN,Total de aptos: 0
AMBIENTALISTAS - PARTIDO AMBIENTALISTAS,2024-07-09,RS,Total de aptos: 0
AMBIENTALISTAS - PARTIDO AMBIENTALISTAS,2024-07-09,RO,Total de aptos: 0
AMBIENTALISTAS - PARTIDO AMBIENTALISTAS,2024-07-09,RR,Total de aptos: 0
AMBIENTALISTAS - PARTIDO AMBIENTALISTAS,2024-07-09,SC,Total de aptos: 0
AMBIENTALISTAS - PARTIDO AMBIENTALISTAS,2024-07-09,SP,Total de aptos: 32
AMBIENTALISTAS - PARTIDO AMBIENTALISTAS,2024-07-09,SE,Total de aptos: 0
AMBIENTALISTAS - PARTIDO AMBIENTALISTAS,2024-07-09,TO,Total de aptos: 0
PBN - PARTIDO BRASIL NOVO,2024-07-09,AC,Total de aptos: 0
PBN - PARTIDO BRASIL NOVO,2024-07-09,AL,Total de aptos: 245
PBN - PARTIDO BRASIL NOVO,2024-07-09,AP,Total de aptos: 145
PBN - PARTIDO BRASIL NOVO,2024-07-09,AM,Total de aptos: 937
PBN - PARTIDO BRASIL NOVO,2024-07-09,BA,Total de aptos: 0
PBN - PARTIDO BRASIL NOVO,2024-07-09,CE,Total de aptos: 0
PBN - PARTIDO BRASIL NOVO,2024-07-09,DF,Total de aptos: 0
PBN - PARTIDO BRASIL NOVO,2024-07-09,ES,Total de aptos: 0
PBN - PARTIDO BRASIL NOVO,2024-07-09,GO,Total de aptos: 0
PBN - PARTIDO BRASIL NOVO,2024-07-09,MA,Total de aptos: 0
PBN - PARTIDO BRASIL NOVO,2024-07-09,MT,Total de aptos: 186
PBN - PARTIDO BRASIL NOVO,2024-07-09,MS,Total de aptos: 13
PBN - PARTIDO BRASIL NOVO,2024-07-09,MG,Total de aptos: 0
PBN - PARTIDO BRASIL NOVO,2024-07-09,PA,Total de aptos: 0
PBN - PARTIDO BRASIL NOVO,2024-07-09,PB,Total de aptos: 0
PBN - PARTIDO BRASIL NOVO,2024-07-09,PR,Total de aptos: 0
PBN - PARTIDO BRASIL NOVO,2024-07-09,PE,Total de aptos: 0
PBN - PARTIDO BRASIL NOVO,2024-07-09,PI,Total de aptos: 0
PBN - PARTIDO BRASIL NOVO,2024-07-09,RJ,Total de aptos: 0
PBN - PARTIDO BRASIL NOVO,2024-07-09,RN,Total de aptos: 0
PBN - PARTIDO BRASIL NOVO,2024-07-09,RS,Total de aptos: 0
PBN - PARTIDO BRASIL NOVO,2024-07-09,RO,Total de aptos: 365
PBN - PARTIDO BRASIL NOVO,2024-07-09,RR,Total de aptos: 342
PBN - PARTIDO BRASIL NOVO,2024-07-09,SC,Total de aptos: 0
PBN - PARTIDO BRASIL NOVO,2024-07-09,SP,Total de aptos: 0
PBN - PARTIDO BRASIL NOVO,2024-07-09,SE,Total de aptos: 67
PBN - PARTIDO BRASIL NOVO,2024-07-09,TO,Total de aptos: 8
PCP - PARTIDO CAPITALISTA POPULAR ,2024-07-09,AC,Total de aptos: 0
PCP - PARTIDO CAPITALISTA POPULAR ,2024-07-09,AL,Total de aptos: 0
PCP - PARTIDO CAPITALISTA POPULAR ,2024-07-09,AP,Total de aptos: 0
PCP - PARTIDO CAPITALISTA POPULAR ,2024-07-09,AM,Total de aptos: 0
PCP - PARTIDO CAPITALISTA POPULAR ,2024-07-09,BA,Total de aptos: 0
PCP - PARTIDO CAPITALISTA POPULAR ,2024-07-09,CE,Total de aptos: 0
PCP - PARTIDO CAPITALISTA POPULAR ,2024-07-09,DF,Total de aptos: 0
PCP - PARTIDO CAPITALISTA POPULAR ,2024-07-09,ES,Total de aptos: 0
PCP - PARTIDO CAPITALISTA POPULAR ,2024-07-09,GO,Total de aptos: 0
PCP - PARTIDO CAPITALISTA POPULAR ,2024-07-09,MA,Total de aptos: 0
PCP - PARTIDO CAPITALISTA POPULAR ,2024-07-09,MT,Total de aptos: 0
PCP - PARTIDO CAPITALISTA POPULAR ,2024-07-09,MS,Total de aptos: 0
PCP - PARTIDO CAPITALISTA POPULAR ,2024-07-09,MG,Total de aptos: 0
PCP - PARTIDO CAPITALISTA POPULAR ,2024-07-09,PA,Total de aptos: 0
PCP - PARTIDO CAPITALISTA POPULAR ,2024-07-09,PB,Total de aptos: 0
PCP - PARTIDO CAPITALISTA POPULAR ,2024-07-09,PR,Total de aptos: 0
PCP - PARTIDO CAPITALISTA POPULAR ,2024-07-09,PE,Total de aptos: 0
PCP - PARTIDO CAPITALISTA POPULAR ,2024-07-09,PI,Total de aptos: 0
PCP - PARTIDO CAPITALISTA POPULAR ,2024-07-09,RJ,Total de aptos: 0
PCP - PARTIDO CAPITALISTA POPULAR ,2024-07-09,RN,Total de aptos: 0
PCP - PARTIDO CAPITALISTA POPULAR ,2024-07-09,RS,Total de aptos: 0
PCP - PARTIDO CAPITALISTA POPULAR ,2024-07-09,RO,Total de aptos: 0
PCP - PARTIDO CAPITALISTA POPULAR ,2024-07-09,RR,Total de aptos: 0
PCP - PARTIDO CAPITALISTA POPULAR ,2024-07-09,SC,Total de aptos: 0
PCP - PARTIDO CAPITALISTA POPULAR ,2024-07-09,SP,Total de aptos: 0
PCP - PARTIDO CAPITALISTA POPULAR ,2024-07-09,SE,Total de aptos: 0
PCP - PARTIDO CAPITALISTA POPULAR ,2024-07-09,TO,Total de aptos: 0
CONSERVADOR  - PARTIDO CONSERVADOR BRASILEIRO ,2024-07-09,AC,Total de aptos: 0
CONSERVADOR  - PARTIDO CONSERVADOR BRASILEIRO ,2024-07-09,AL,Total de aptos: 0
CONSERVADOR  - PARTIDO CONSERVADOR BRASILEIRO ,2024-07-09,AP,Total de aptos: 0
CONSERVADOR  - PARTIDO CONSERVADOR BRASILEIRO ,2024-07-09,AM,Total de aptos: 0
CONSERVADOR  - PARTIDO CONSERVADOR BRASILEIRO ,2024-07-09,BA,Total de aptos: 0
CONSERVADOR  - PARTIDO CONSERVADOR BRASILEIRO ,2024-07-09,CE,Total de aptos: 0
CONSERVADOR  - PARTIDO CONSERVADOR BRASILEIRO ,2024-07-09,DF,Total de aptos: 0
CONSERVADOR  - PARTIDO CONSERVADOR BRASILEIRO ,2024-07-09,ES,Total de aptos: 0
CONSERVADOR  - PARTIDO CONSERVADOR BRASILEIRO ,2024-07-09,GO,Total de aptos: 5
CONSERVADOR  - PARTIDO CONSERVADOR BRASILEIRO ,2024-07-09,MA,Total de aptos: 0
CONSERVADOR  - PARTIDO CONSERVADOR BRASILEIRO ,2024-07-09,MT,Total de aptos: 0
CONSERVADOR  - PARTIDO CONSERVADOR BRASILEIRO ,2024-07-09,MS,Total de aptos: 0
CONSERVADOR  - PARTIDO CONSERVADOR BRASILEIRO ,2024-07-09,MG,Total de aptos: 0
CONSERVADOR  - PARTIDO CONSERVADOR BRASILEIRO ,2024-07-09,PA,Total de aptos: 0
CONSERVADOR  - PARTIDO CONSERVADOR BRASILEIRO ,2024-07-09,PB,Total de aptos: 22
CONSERVADOR  - PARTIDO CONSERVADOR BRASILEIRO ,2024-07-09,PR,Total de aptos: 0
CONSERVADOR  - PARTIDO CONSERVADOR BRASILEIRO ,2024-07-09,PE,Total de aptos: 0
CONSERVADOR  - PARTIDO CONSERVADOR BRASILEIRO ,2024-07-09,PI,Total de aptos: 0
CONSERVADOR  - PARTIDO CONSERVADOR BRASILEIRO ,2024-07-09,RJ,Total de aptos: 0
CONSERVADOR  - PARTIDO CONSERVADOR BRASILEIRO ,2024-07-09,RN,Total de aptos: 0
CONSERVADOR  - PARTIDO CONSERVADOR BRASILEIRO ,2024-07-09,RS,Total de aptos: 0
CONSERVADOR  - PARTIDO CONSERVADOR BRASILEIRO ,2024-07-09,RO,Total de aptos: 0
CONSERVADOR  - PARTIDO CONSERVADOR BRASILEIRO ,2024-07-09,RR,Total de aptos: 0
CONSERVADOR  - PARTIDO CONSERVADOR BRASILEIRO ,2024-07-09,SC,Total de aptos: 0
CONSERVADOR  - PARTIDO CONSERVADOR BRASILEIRO ,2024-07-09,SP,Total de aptos: 0
CONSERVADOR  - PARTIDO CONSERVADOR BRASILEIRO ,2024-07-09,SE,Total de aptos: 0
CONSERVADOR  - PARTIDO CONSERVADOR BRASILEIRO ,2024-07-09,TO,Total de aptos: 0
PSP - PARTIDO DA SEGURANÇA PRIVADA ,2024-07-09,AC,Total de aptos: 0
PSP - PARTIDO DA SEGURANÇA PRIVADA ,2024-07-09,AL,Total de aptos: 0
PSP - PARTIDO DA SEGURANÇA PRIVADA ,2024-07-09,AP,Total de aptos: 0
PSP - PARTIDO DA SEGURANÇA PRIVADA ,2024-07-09,AM,Total de aptos: 0
PSP - PARTIDO DA SEGURANÇA PRIVADA ,2024-07-09,BA,Total de aptos: 0
PSP - PARTIDO DA SEGURANÇA PRIVADA ,2024-07-09,CE,Total de aptos: 0
PSP - PARTIDO DA SEGURANÇA PRIVADA ,2024-07-09,DF,Total de aptos: 0
PSP - PARTIDO DA SEGURANÇA PRIVADA ,2024-07-09,ES,Total de aptos: 0
PSP - PARTIDO DA SEGURANÇA PRIVADA ,2024-07-09,GO,Total de aptos: 0
PSP - PARTIDO DA SEGURANÇA PRIVADA ,2024-07-09,MA,Total de aptos: 0
PSP - PARTIDO DA SEGURANÇA PRIVADA ,2024-07-09,MT,Total de aptos: 0
PSP - PARTIDO DA SEGURANÇA PRIVADA ,2024-07-09,MS,Total de aptos: 0
PSP - PARTIDO DA SEGURANÇA PRIVADA ,2024-07-09,MG,Total de aptos: 0
PSP - PARTIDO DA SEGURANÇA PRIVADA ,2024-07-09,PA,Total de aptos: 0
PSP - PARTIDO DA SEGURANÇA PRIVADA ,2024-07-09,PB,Total de aptos: 0
PSP - PARTIDO DA SEGURANÇA PRIVADA ,2024-07-09,PR,Total de aptos: 0
PSP - PARTIDO DA SEGURANÇA PRIVADA ,2024-07-09,PE,Total de aptos: 0
PSP - PARTIDO DA SEGURANÇA PRIVADA ,2024-07-09,PI,Total de aptos: 0
PSP - PARTIDO DA SEGURANÇA PRIVADA ,2024-07-09,RJ,Total de aptos: 0
PSP - PARTIDO DA SEGURANÇA PRIVADA ,2024-07-09,RN,Total de aptos: 0
PSP - PARTIDO DA SEGURANÇA PRIVADA ,2024-07-09,RS,Total de aptos: 0
PSP - PARTIDO DA SEGURANÇA PRIVADA ,2024-07-09,RO,Total de aptos: 0
PSP - PARTIDO DA SEGURANÇA PRIVADA ,2024-07-09,RR,Total de aptos: 60
PSP - PARTIDO DA SEGURANÇA PRIVADA ,2024-07-09,SC,Total de aptos: 0
PSP - PARTIDO DA SEGURANÇA PRIVADA ,2024-07-09,SP,Total de aptos: 0
PSP - PARTIDO DA SEGURANÇA PRIVADA ,2024-07-09,SE,Total de aptos: 0
PSP - PARTIDO DA SEGURANÇA PRIVADA ,2024-07-09,TO,Total de aptos: 0
PDS - PARTIDO DO DESENVOLVIMENTO SUSTENTÁVEL,2024-07-09,AC,Total de aptos: 0
PDS - PARTIDO DO DESENVOLVIMENTO SUSTENTÁVEL,2024-07-09,AL,Total de aptos: 0
PDS - PARTIDO DO DESENVOLVIMENTO SUSTENTÁVEL,2024-07-09,AP,Total de aptos: 0
PDS - PARTIDO DO DESENVOLVIMENTO SUSTENTÁVEL,2024-07-09,AM,Total de aptos: 0
PDS - PARTIDO DO DESENVOLVIMENTO SUSTENTÁVEL,2024-07-09,BA,Total de aptos: 0
PDS - PARTIDO DO DESENVOLVIMENTO SUSTENTÁVEL,2024-07-09,CE,Total de aptos: 0
PDS - PARTIDO DO DESENVOLVIMENTO SUSTENTÁVEL,2024-07-09,DF,Total de aptos: 0
PDS - PARTIDO DO DESENVOLVIMENTO SUSTENTÁVEL,2024-07-09,ES,Total de aptos: 0
PDS - PARTIDO DO DESENVOLVIMENTO SUSTENTÁVEL,2024-07-09,GO,Total de aptos: 0
PDS - PARTIDO DO DESENVOLVIMENTO SUSTENTÁVEL,2024-07-09,MA,Total de aptos: 0
PDS - PARTIDO DO DESENVOLVIMENTO SUSTENTÁVEL,2024-07-09,MT,Total de aptos: 0
PDS - PARTIDO DO DESENVOLVIMENTO SUSTENTÁVEL,2024-07-09,MS,Total de aptos: 0
PDS - PARTIDO DO DESENVOLVIMENTO SUSTENTÁVEL,2024-07-09,MG,Total de aptos: 0
PDS - PARTIDO DO DESENVOLVIMENTO SUSTENTÁVEL,2024-07-09,PA,Total de aptos: 0
PDS - PARTIDO DO DESENVOLVIMENTO SUSTENTÁVEL,2024-07-09,PB,Total de aptos: 0
PDS - PARTIDO DO DESENVOLVIMENTO SUSTENTÁVEL,2024-07-09,PR,Total de aptos: 0
PDS - PARTIDO DO DESENVOLVIMENTO SUSTENTÁVEL,2024-07-09,PE,Total de aptos: 0
PDS - PARTIDO DO DESENVOLVIMENTO SUSTENTÁVEL,2024-07-09,PI,Total de aptos: 0
PDS - PARTIDO DO DESENVOLVIMENTO SUSTENTÁVEL,2024-07-09,RJ,Total de aptos: 0
PDS - PARTIDO DO DESENVOLVIMENTO SUSTENTÁVEL,2024-07-09,RN,Total de aptos: 0
PDS - PARTIDO DO DESENVOLVIMENTO SUSTENTÁVEL,2024-07-09,RS,Total de aptos: 0
PDS - PARTIDO DO DESENVOLVIMENTO SUSTENTÁVEL,2024-07-09,RO,Total de aptos: 0
PDS - PARTIDO DO DESENVOLVIMENTO SUSTENTÁVEL,2024-07-09,RR,Total de aptos: 0
PDS - PARTIDO DO DESENVOLVIMENTO SUSTENTÁVEL,2024-07-09,SC,Total de aptos: 0
PDS - PARTIDO DO DESENVOLVIMENTO SUSTENTÁVEL,2024-07-09,SP,Total de aptos: 0
PDS - PARTIDO DO DESENVOLVIMENTO SUSTENTÁVEL,2024-07-09,SE,Total de aptos: 0
PDS - PARTIDO DO DESENVOLVIMENTO SUSTENTÁVEL,2024-07-09,TO,Total de aptos: 0
MISSÃO - PARTIDO MISSÃO,2024-07-09,AC,Total de aptos: 0
MISSÃO - PARTIDO MISSÃO,2024-07-09,AL,Total de aptos: 0
MISSÃO - PARTIDO MISSÃO,2024-07-09,AP,Total de aptos: 0
MISSÃO - PARTIDO MISSÃO,2024-07-09,AM,Total de aptos: 0
MISSÃO - PARTIDO MISSÃO,2024-07-09,BA,Total de aptos: 9992
MISSÃO - PARTIDO MISSÃO,2024-07-09,CE,Total de aptos: 133
MISSÃO - PARTIDO MISSÃO,2024-07-09,DF,Total de aptos: 4680
MISSÃO - PARTIDO MISSÃO,2024-07-09,ES,Total de aptos: 0
MISSÃO - PARTIDO MISSÃO,2024-07-09,GO,Total de aptos: 2545
MISSÃO - PARTIDO MISSÃO,2024-07-09,MA,Total de aptos: 0
MISSÃO - PARTIDO MISSÃO,2024-07-09,MT,Total de aptos: 0
MISSÃO - PARTIDO MISSÃO,2024-07-09,MS,Total de aptos: 0
MISSÃO - PARTIDO MISSÃO,2024-07-09,MG,Total de aptos: 0
MISSÃO - PARTIDO MISSÃO,2024-07-09,PA,Total de aptos: 0
MISSÃO - PARTIDO MISSÃO,2024-07-09,PB,Total de aptos: 0
MISSÃO - PARTIDO MISSÃO,2024-07-09,PR,Total de aptos: 7219
MISSÃO - PARTIDO MISSÃO,2024-07-09,PE,Total de aptos: 3452
MISSÃO - PARTIDO MISSÃO,2024-07-09,PI,Total de aptos: 0
MISSÃO - PARTIDO MISSÃO,2024-07-09,RJ,Total de aptos: 5248
MISSÃO - PARTIDO MISSÃO,2024-07-09,RN,Total de aptos: 3320
MISSÃO - PARTIDO MISSÃO,2024-07-09,RS,Total de aptos: 181
MISSÃO - PARTIDO MISSÃO,2024-07-09,RO,Total de aptos: 0
MISSÃO - PARTIDO MISSÃO,2024-07-09,RR,Total de aptos: 0
MISSÃO - PARTIDO MISSÃO,2024-07-09,SC,Total de aptos: 0
MISSÃO - PARTIDO MISSÃO,2024-07-09,SP,Total de aptos: 33240
MISSÃO - PARTIDO MISSÃO,2024-07-09,SE,Total de aptos: 628
MISSÃO - PARTIDO MISSÃO,2024-07-09,TO,Total de aptos: 0
PTB - PARTIDO TRABALHISTA BRASILEIRO ,2024-07-09,AC,Total de aptos: 0
PTB - PARTIDO TRABALHISTA BRASILEIRO ,2024-07-09,AL,Total de aptos: 0
PTB - PARTIDO TRABALHISTA BRASILEIRO ,2024-07-09,AP,Total de aptos: 0
PTB - PARTIDO TRABALHISTA BRASILEIRO ,2024-07-09,AM,Total de aptos: 0
PTB - PARTIDO TRABALHISTA BRASILEIRO ,2024-07-09,BA,Total de aptos: 0
PTB - PARTIDO TRABALHISTA BRASILEIRO ,2024-07-09,CE,Total de aptos: 0
PTB - PARTIDO TRABALHISTA BRASILEIRO ,2024-07-09,DF,Total de aptos: 0
PTB - PARTIDO TRABALHISTA BRASILEIRO ,2024-07-09,ES,Total de aptos: 0
PTB - PARTIDO TRABALHISTA BRASILEIRO ,2024-07-09,GO,Total de aptos: 0
PTB - PARTIDO TRABALHISTA BRASILEIRO ,2024-07-09,MA,Total de aptos: 0
PTB - PARTIDO TRABALHISTA BRASILEIRO ,2024-07-09,MT,Total de aptos: 0
PTB - PARTIDO TRABALHISTA BRASILEIRO ,2024-07-09,MS,Total de aptos: 0
PTB - PARTIDO TRABALHISTA BRASILEIRO ,2024-07-09,MG,Total de aptos: 0
PTB - PARTIDO TRABALHISTA BRASILEIRO ,2024-07-09,PA,Total de aptos: 0
PTB - PARTIDO TRABALHISTA BRASILEIRO ,2024-07-09,PB,Total de aptos: 0
PTB - PARTIDO TRABALHISTA BRASILEIRO ,2024-07-09,PR,Total de aptos: 0
PTB - PARTIDO TRABALHISTA BRASILEIRO ,2024-07-09,PE,Total de aptos: 0
PTB - PARTIDO TRABALHISTA BRASILEIRO ,2024-07-09,PI,Total de aptos: 0
PTB - PARTIDO TRABALHISTA BRASILEIRO ,2024-07-09,RJ,Total de aptos: 0
PTB - PARTIDO TRABALHISTA BRASILEIRO ,2024-07-09,RN,Total de aptos: 0
PTB - PARTIDO TRABALHISTA BRASILEIRO ,2024-07-09,RS,Total de aptos: 0
PTB - PARTIDO TRABALHISTA BRASILEIRO ,2024-07-09,RO,Total de aptos: 0
PTB - PARTIDO TRABALHISTA BRASILEIRO ,2024-07-09,RR,Total de aptos: 0
PTB - PARTIDO TRABALHISTA BRASILEIRO ,2024-07-09,SC,Total de aptos: 0
PTB - PARTIDO TRABALHISTA BRASILEIRO ,2024-07-09,SP,Total de aptos: 0
PTB - PARTIDO TRABALHISTA BRASILEIRO ,2024-07-09,SE,Total de aptos: 0
PTB - PARTIDO TRABALHISTA BRASILEIRO ,2024-07-09,TO,Total de aptos: 0
RCB - REPUBLICANO CRISTÃO BRASILEIRO,2024-07-09,AC,Total de aptos: 537
RCB - REPUBLICANO CRISTÃO BRASILEIRO,2024-07-09,AL,Total de aptos: 235
RCB - REPUBLICANO CRISTÃO BRASILEIRO,2024-07-09,AP,Total de aptos: 34
RCB - REPUBLICANO CRISTÃO BRASILEIRO,2024-07-09,AM,Total de aptos: 1319
RCB - REPUBLICANO CRISTÃO BRASILEIRO,2024-07-09,BA,Total de aptos: 404
RCB - REPUBLICANO CRISTÃO BRASILEIRO,2024-07-09,CE,Total de aptos: 3
RCB - REPUBLICANO CRISTÃO BRASILEIRO,2024-07-09,DF,Total de aptos: 1992
RCB - REPUBLICANO CRISTÃO BRASILEIRO,2024-07-09,ES,Total de aptos: 0
RCB - REPUBLICANO CRISTÃO BRASILEIRO,2024-07-09,GO,Total de aptos: 44
RCB - REPUBLICANO CRISTÃO BRASILEIRO,2024-07-09,MA,Total de aptos: 0
RCB - REPUBLICANO CRISTÃO BRASILEIRO,2024-07-09,MT,Total de aptos: 24
RCB - REPUBLICANO CRISTÃO BRASILEIRO,2024-07-09,MS,Total de aptos: 0
RCB - REPUBLICANO CRISTÃO BRASILEIRO,2024-07-09,MG,Total de aptos: 134
RCB - REPUBLICANO CRISTÃO BRASILEIRO,2024-07-09,PA,Total de aptos: 60
RCB - REPUBLICANO CRISTÃO BRASILEIRO,2024-07-09,PB,Total de aptos: 217
RCB - REPUBLICANO CRISTÃO BRASILEIRO,2024-07-09,PR,Total de aptos: 0
RCB - REPUBLICANO CRISTÃO BRASILEIRO,2024-07-09,PE,Total de aptos: 1228
RCB - REPUBLICANO CRISTÃO BRASILEIRO,2024-07-09,PI,Total de aptos: 546
RCB - REPUBLICANO CRISTÃO BRASILEIRO,2024-07-09,RJ,Total de aptos: 5
RCB - REPUBLICANO CRISTÃO BRASILEIRO,2024-07-09,RN,Total de aptos: 1298
RCB - REPUBLICANO CRISTÃO BRASILEIRO,2024-07-09,RS,Total de aptos: 0
RCB - REPUBLICANO CRISTÃO BRASILEIRO,2024-07-09,RO,Total de aptos: 222
RCB - REPUBLICANO CRISTÃO BRASILEIRO,2024-07-09,RR,Total de aptos: 55
RCB - REPUBLICANO CRISTÃO BRASILEIRO,2024-07-09,SC,Total de aptos: 0
RCB - REPUBLICANO CRISTÃO BRASILEIRO,2024-07-09,SP,Total de aptos: 56
RCB - REPUBLICANO CRISTÃO BRASILEIRO,2024-07-09,SE,Total de aptos: 0
RCB - REPUBLICANO CRISTÃO BRASILEIRO,2024-07-09,TO,Total de aptos: 131
UDN - UNIÃO DEMOCRÁTICA NACIONAL,2024-07-09,AC,Total de aptos: 0
UDN - UNIÃO DEMOCRÁTICA NACIONAL,2024-07-09,AL,Total de aptos: 0
UDN - UNIÃO DEMOCRÁTICA NACIONAL,2024-07-09,AP,Total de aptos: 0
UDN - UNIÃO DEMOCRÁTICA NACIONAL,2024-07-09,AM,Total de aptos: 0
UDN - UNIÃO DEMOCRÁTICA NACIONAL,2024-07-09,BA,Total de aptos: 0
UDN - UNIÃO DEMOCRÁTICA NACIONAL,2024-07-09,CE,Total de aptos: 0
UDN - UNIÃO DEMOCRÁTICA NACIONAL,2024-07-09,DF,Total de aptos: 0
UDN - UNIÃO DEMOCRÁTICA NACIONAL,2024-07-09,ES,Total de aptos: 0
UDN - UNIÃO DEMOCRÁTICA NACIONAL,2024-07-09,GO,Total de aptos: 0
UDN - UNIÃO DEMOCRÁTICA NACIONAL,2024-07-09,MA,Total de aptos: 0
UDN - UNIÃO DEMOCRÁTICA NACIONAL,2024-07-09,MT,Total de aptos: 0
UDN - UNIÃO DEMOCRÁTICA NACIONAL,2024-07-09,MS,Total de aptos: 0
UDN - UNIÃO DEMOCRÁTICA NACIONAL,2024-07-09,MG,Total de aptos: 33
UDN - UNIÃO DEMOCRÁTICA NACIONAL,2024-07-09,PA,Total de aptos: 0
UDN - UNIÃO DEMOCRÁTICA NACIONAL,2024-07-09,PB,Total de aptos: 0
UDN - UNIÃO DEMOCRÁTICA NACIONAL,2024-07-09,PR,Total de aptos: 0
UDN - UNIÃO DEMOCRÁTICA NACIONAL,2024-07-09,PE,Total de aptos: 46
UDN - UNIÃO DEMOCRÁTICA NACIONAL,2024-07-09,PI,Total de aptos: 634
UDN - UNIÃO DEMOCRÁTICA NACIONAL,2024-07-09,RJ,Total de aptos: 75
UDN - UNIÃO DEMOCRÁTICA NACIONAL,2024-07-09,RN,Total de aptos: 0
UDN - UNIÃO DEMOCRÁTICA NACIONAL,2024-07-09,RS,Total de aptos: 0
UDN - UNIÃO DEMOCRÁTICA NACIONAL,2024-07-09,RO,Total de aptos: 0
UDN - UNIÃO DEMOCRÁTICA NACIONAL,2024-07-09,RR,Total de aptos: 0
UDN - UNIÃO DEMOCRÁTICA NACIONAL,2024-07-09,SC,Total de aptos: 0
UDN - UNIÃO DEMOCRÁTICA NACIONAL,2024-07-09,SP,Total de aptos: 305
UDN - UNIÃO DEMOCRÁTICA NACIONAL,2024-07-09,SE,Total de aptos: 0
UDN - UNIÃO DEMOCRÁTICA NACIONAL,2024-07-09,TO,Total de aptos: 0
UTB - UNIÃO TRABALHISTA BRASILEIRA,2024-07-09,AC,Total de aptos: 0
UTB - UNIÃO TRABALHISTA BRASILEIRA,2024-07-09,AL,Total de aptos: 0
UTB - UNIÃO TRABALHISTA BRASILEIRA,2024-07-09,AP,Total de aptos: 0
UTB - UNIÃO TRABALHISTA BRASILEIRA,2024-07-09,AM,Total de aptos: 0
UTB - UNIÃO TRABALHISTA BRASILEIRA,2024-07-09,BA,Total de aptos: 0
UTB - UNIÃO TRABALHISTA BRASILEIRA,2024-07-09,CE,Total de aptos: 0
UTB - UNIÃO TRABALHISTA BRASILEIRA,2024-07-09,DF,Total de aptos: 0
UTB - UNIÃO TRABALHISTA BRASILEIRA,2024-07-09,ES,Total de aptos: 0
UTB - UNIÃO TRABALHISTA BRASILEIRA,2024-07-09,GO,Total de aptos: 0
UTB - UNIÃO TRABALHISTA BRASILEIRA,2024-07-09,MA,Total de aptos: 0
UTB - UNIÃO TRABALHISTA BRASILEIRA,2024-07-09,MT,Total de aptos: 0
UTB - UNIÃO TRABALHISTA BRASILEIRA,2024-07-09,MS,Total de aptos: 0
UTB - UNIÃO TRABALHISTA BRASILEIRA,2024-07-09,MG,Total de aptos: 0
UTB - UNIÃO TRABALHISTA BRASILEIRA,2024-07-09,PA,Total de aptos: 0
UTB - UNIÃO TRABALHISTA BRASILEIRA,2024-07-09,PB,Total de aptos: 0
UTB - UNIÃO TRABALHISTA BRASILEIRA,2024-07-09,PR,Total de aptos: 0
UTB - UNIÃO TRABALHISTA BRASILEIRA,2024-07-09,PE,Total de aptos: 0
UTB - UNIÃO TRABALHISTA BRASILEIRA,2024-07-09,PI,Total de aptos: 0
UTB - UNIÃO TRABALHISTA BRASILEIRA,2024-07-09,RJ,Total de aptos: 0
UTB - UNIÃO TRABALHISTA BRASILEIRA,2024-07-09,RN,Total de aptos: 0
UTB - UNIÃO TRABALHISTA BRASILEIRA,2024-07-09,RS,Total de aptos: 0
UTB - UNIÃO TRABALHISTA BRASILEIRA,2024-07-09,RO,Total de aptos: 0
UTB - UNIÃO TRABALHISTA BRASILEIRA,2024-07-09,RR,Total de aptos: 0
UTB - UNIÃO TRABALHISTA BRASILEIRA,2024-07-09,SC,Total de aptos: 0
UTB - UNIÃO TRABALHISTA BRASILEIRA,2024-07-09,SP,Total de aptos: 0
UTB - UNIÃO TRABALHISTA BRASILEIRA,2024-07-09,SE,Total de aptos: 0
UTB - UNIÃO TRABALHISTA BRASILEIRA,2024-07-09,TO,Total de aptos: 0
