Nome,Data,Estado,Apoiamentos
MISSÃO - PARTIDO MISSÃO,2024-05-17,DF,Total de aptos: 2916
MISSÃO - PARTIDO MISSÃO,2024-05-17,PR,Total de aptos: 1221
MISSÃO - PARTIDO MISSÃO,2024-05-17,SP,Total de aptos: 784
MISSÃO - PARTIDO MISSÃO,2024-05-18,DF,Total de aptos: 2916
MISSÃO - PARTIDO MISSÃO,2024-05-18,PR,Total de aptos: 1221
MISSÃO - PARTIDO MISSÃO,2024-05-18,SP,Total de aptos: 784
MISSÃO - PARTIDO MISSÃO,2024-05-19,DF,Total de aptos: 2916
MISSÃO - PARTIDO MISSÃO,2024-05-19,PR,Total de aptos: 1221
MISSÃO - PARTIDO MISSÃO,2024-05-19,SP,Total de aptos: 784
MISSÃO - PARTIDO MISSÃO,2024-05-20,DF,Total de aptos: 3051
MISSÃO - PARTIDO MISSÃO,2024-05-20,PR,Total de aptos: 1679
MISSÃO - PARTIDO MISSÃO,2024-05-20,SP,Total de aptos: 1175
MISSÃO - PARTIDO MISSÃO,2024-05-21,DF,Total de aptos: 3051
MISSÃO - PARTIDO MISSÃO,2024-05-21,PR,Total de aptos: 2339
MISSÃO - PARTIDO MISSÃO,2024-05-21,SP,Total de aptos: 1176
MISSÃO - PARTIDO MISSÃO,2024-05-22,PR,Total de aptos: 1342
MISSÃO - PARTIDO MISSÃO,2024-05-22,DF,Total de aptos: 3051
MISSÃO - PARTIDO MISSÃO,2024-05-22,SP,Total de aptos: 1452
MISSÃO - PARTIDO MISSÃO,2024-05-23,PR,Total de aptos: 4547
MISSÃO - PARTIDO MISSÃO,2024-05-23,DF,Total de aptos: 3051
MISSÃO - PARTIDO MISSÃO,2024-05-23,SP,Total de aptos: 1547
MISSÃO - PARTIDO MISSÃO,2024-05-24,PR,Total de aptos: 4808
MISSÃO - PARTIDO MISSÃO,2024-05-24,DF,Total de aptos: 3123
MISSÃO - PARTIDO MISSÃO,2024-05-24,SP,Total de aptos: 1547
MISSÃO - PARTIDO MISSÃO,2024-05-25,PR,Total de aptos: 4808
MISSÃO - PARTIDO MISSÃO,2024-05-25,DF,Total de aptos: 3123
MISSÃO - PARTIDO MISSÃO,2024-05-25,SP,Total de aptos: 1547
MISSÃO - PARTIDO MISSÃO,2024-05-26,PR,Total de aptos: 4808
MISSÃO - PARTIDO MISSÃO,2024-05-26,DF,Total de aptos: 3123
MISSÃO - PARTIDO MISSÃO,2024-05-26,SP,Total de aptos: 1547
MISSÃO - PARTIDO MISSÃO,2024-05-27,PR,Total de aptos: 4932
MISSÃO - PARTIDO MISSÃO,2024-05-27,DF,Total de aptos: 3231
MISSÃO - PARTIDO MISSÃO,2024-05-27,SP,Total de aptos: 1581
MISSÃO - PARTIDO MISSÃO,2024-05-28,PR,Total de aptos: 5699
MISSÃO - PARTIDO MISSÃO,2024-05-28,DF,Total de aptos: 3415
MISSÃO - PARTIDO MISSÃO,2024-05-28,SP,Total de aptos: 2458
MISSÃO - PARTIDO MISSÃO,2024-05-29,PR,Total de aptos: 5897
MISSÃO - PARTIDO MISSÃO,2024-05-29,SP,Total de aptos: 3867
MISSÃO - PARTIDO MISSÃO,2024-05-29,DF,Total de aptos: 3681
MISSÃO - PARTIDO MISSÃO,2024-05-30,PR,Total de aptos: 5897
MISSÃO - PARTIDO MISSÃO,2024-05-30,SP,Total de aptos: 3867
MISSÃO - PARTIDO MISSÃO,2024-05-30,DF,Total de aptos: 3681
MISSÃO - PARTIDO MISSÃO,2024-05-31,PR,Total de aptos: 5897
MISSÃO - PARTIDO MISSÃO,2024-05-31,SP,Total de aptos: 4530
MISSÃO - PARTIDO MISSÃO,2024-05-31,DF,Total de aptos: 3681
MISSÃO - PARTIDO MISSÃO,2024-06-01,PR,Total de aptos: 5897
MISSÃO - PARTIDO MISSÃO,2024-06-01,SP,Total de aptos: 4530
MISSÃO - PARTIDO MISSÃO,2024-06-01,DF,Total de aptos: 3681
MISSÃO - PARTIDO MISSÃO,2024-06-02,PR,Total de aptos: 5897
MISSÃO - PARTIDO MISSÃO,2024-06-02,SP,Total de aptos: 4530
MISSÃO - PARTIDO MISSÃO,2024-06-02,DF,Total de aptos: 3681
MISSÃO - PARTIDO MISSÃO,2024-06-03,PR,Total de aptos: 6048
MISSÃO - PARTIDO MISSÃO,2024-06-03,SP,Total de aptos: 5186
MISSÃO - PARTIDO MISSÃO,2024-06-03,DF,Total de aptos: 3729
MISSÃO - PARTIDO MISSÃO,2024-06-04,PR,Total de aptos: 6210
MISSÃO - PARTIDO MISSÃO,2024-06-04,SP,Total de aptos: 6183
MISSÃO - PARTIDO MISSÃO,2024-06-04,DF,Total de aptos: 3941
MISSÃO - PARTIDO MISSÃO,2024-06-05,SP,Total de aptos: 7149
MISSÃO - PARTIDO MISSÃO,2024-06-05,PR,Total de aptos: 6210
MISSÃO - PARTIDO MISSÃO,2024-06-05,DF,Total de aptos: 4072
MISSÃO - PARTIDO MISSÃO,2024-06-05,BA,Total de aptos: 1032
MISSÃO - PARTIDO MISSÃO,2024-06-06,SP,Total de aptos: 7950
MISSÃO - PARTIDO MISSÃO,2024-06-06,PR,Total de aptos: 6210
MISSÃO - PARTIDO MISSÃO,2024-06-06,DF,Total de aptos: 4243
MISSÃO - PARTIDO MISSÃO,2024-06-06,BA,Total de aptos: 1032
MISSÃO - PARTIDO MISSÃO,2024-06-07,SP,Total de aptos: 8905
MISSÃO - PARTIDO MISSÃO,2024-06-07,PR,Total de aptos: 6210
MISSÃO - PARTIDO MISSÃO,2024-06-07,DF,Total de aptos: 4312
MISSÃO - PARTIDO MISSÃO,2024-06-07,BA,Total de aptos: 1032
MISSÃO - PARTIDO MISSÃO,2024-06-07,SE,Total de aptos: 362
MISSÃO - PARTIDO MISSÃO,2024-06-07,PE,Total de aptos: 232
MISSÃO - PARTIDO MISSÃO,2024-06-07,GO,Total de aptos: 226
MISSÃO - PARTIDO MISSÃO,2024-06-07,RJ,Total de aptos: 210
MISSÃO - PARTIDO MISSÃO,2024-06-07,RS,Total de aptos: 181
MISSÃO - PARTIDO MISSÃO,2024-06-07,CE,Total de aptos: 133
MISSÃO - PARTIDO MISSÃO,2024-06-08,SP,Total de aptos: 8905
MISSÃO - PARTIDO MISSÃO,2024-06-08,PR,Total de aptos: 6210
MISSÃO - PARTIDO MISSÃO,2024-06-08,DF,Total de aptos: 4312
MISSÃO - PARTIDO MISSÃO,2024-06-08,BA,Total de aptos: 1032
MISSÃO - PARTIDO MISSÃO,2024-06-08,SE,Total de aptos: 362
MISSÃO - PARTIDO MISSÃO,2024-06-08,PE,Total de aptos: 232
MISSÃO - PARTIDO MISSÃO,2024-06-08,GO,Total de aptos: 226
MISSÃO - PARTIDO MISSÃO,2024-06-08,RJ,Total de aptos: 210
MISSÃO - PARTIDO MISSÃO,2024-06-08,RS,Total de aptos: 181
MISSÃO - PARTIDO MISSÃO,2024-06-08,CE,Total de aptos: 133
MISSÃO - PARTIDO MISSÃO,2024-06-09,SP,Total de aptos: 8905
MISSÃO - PARTIDO MISSÃO,2024-06-09,PR,Total de aptos: 6210
MISSÃO - PARTIDO MISSÃO,2024-06-09,DF,Total de aptos: 4312
MISSÃO - PARTIDO MISSÃO,2024-06-09,BA,Total de aptos: 1032
MISSÃO - PARTIDO MISSÃO,2024-06-09,SE,Total de aptos: 362
MISSÃO - PARTIDO MISSÃO,2024-06-09,PE,Total de aptos: 232
MISSÃO - PARTIDO MISSÃO,2024-06-09,GO,Total de aptos: 226
MISSÃO - PARTIDO MISSÃO,2024-06-09,RJ,Total de aptos: 210
MISSÃO - PARTIDO MISSÃO,2024-06-09,RS,Total de aptos: 181
MISSÃO - PARTIDO MISSÃO,2024-06-09,CE,Total de aptos: 133
MISSÃO - PARTIDO MISSÃO,2024-06-10,SP,Total de aptos: 9336
MISSÃO - PARTIDO MISSÃO,2024-06-10,PR,Total de aptos: 6290
MISSÃO - PARTIDO MISSÃO,2024-06-10,DF,Total de aptos: 4567
MISSÃO - PARTIDO MISSÃO,2024-06-10,BA,Total de aptos: 1951
MISSÃO - PARTIDO MISSÃO,2024-06-10,SE,Total de aptos: 362
MISSÃO - PARTIDO MISSÃO,2024-06-10,PE,Total de aptos: 232
MISSÃO - PARTIDO MISSÃO,2024-06-10,GO,Total de aptos: 226
MISSÃO - PARTIDO MISSÃO,2024-06-10,RJ,Total de aptos: 210
MISSÃO - PARTIDO MISSÃO,2024-06-10,RS,Total de aptos: 181
MISSÃO - PARTIDO MISSÃO,2024-06-10,CE,Total de aptos: 133
MISSÃO - PARTIDO MISSÃO,2024-06-11,SP,Total de aptos: 10886
MISSÃO - PARTIDO MISSÃO,2024-06-11,PR,Total de aptos: 7008
MISSÃO - PARTIDO MISSÃO,2024-06-11,DF,Total de aptos: 4601
MISSÃO - PARTIDO MISSÃO,2024-06-11,BA,Total de aptos: 2403
MISSÃO - PARTIDO MISSÃO,2024-06-11,SE,Total de aptos: 362
MISSÃO - PARTIDO MISSÃO,2024-06-11,PE,Total de aptos: 232
MISSÃO - PARTIDO MISSÃO,2024-06-11,GO,Total de aptos: 226
MISSÃO - PARTIDO MISSÃO,2024-06-11,RJ,Total de aptos: 210
MISSÃO - PARTIDO MISSÃO,2024-06-11,RS,Total de aptos: 181
MISSÃO - PARTIDO MISSÃO,2024-06-11,CE,Total de aptos: 133
MISSÃO - PARTIDO MISSÃO,2024-06-12,SP,Total de aptos: 12616
MISSÃO - PARTIDO MISSÃO,2024-06-12,PR,Total de aptos: 7076
MISSÃO - PARTIDO MISSÃO,2024-06-12,DF,Total de aptos: 4688
MISSÃO - PARTIDO MISSÃO,2024-06-12,BA,Total de aptos: 3381
MISSÃO - PARTIDO MISSÃO,2024-06-12,SE,Total de aptos: 362
MISSÃO - PARTIDO MISSÃO,2024-06-12,PE,Total de aptos: 232
MISSÃO - PARTIDO MISSÃO,2024-06-12,GO,Total de aptos: 226
MISSÃO - PARTIDO MISSÃO,2024-06-12,RJ,Total de aptos: 210
MISSÃO - PARTIDO MISSÃO,2024-06-12,RS,Total de aptos: 181
MISSÃO - PARTIDO MISSÃO,2024-06-12,CE,Total de aptos: 133
MISSÃO - PARTIDO MISSÃO,2024-06-13,SP,Total de aptos: 14069
MISSÃO - PARTIDO MISSÃO,2024-06-13,PR,Total de aptos: 7144
MISSÃO - PARTIDO MISSÃO,2024-06-13,DF,Total de aptos: 4688
MISSÃO - PARTIDO MISSÃO,2024-06-13,BA,Total de aptos: 4307
MISSÃO - PARTIDO MISSÃO,2024-06-13,SE,Total de aptos: 362
MISSÃO - PARTIDO MISSÃO,2024-06-13,PE,Total de aptos: 232
MISSÃO - PARTIDO MISSÃO,2024-06-13,GO,Total de aptos: 226
MISSÃO - PARTIDO MISSÃO,2024-06-13,RJ,Total de aptos: 210
MISSÃO - PARTIDO MISSÃO,2024-06-13,RS,Total de aptos: 181
MISSÃO - PARTIDO MISSÃO,2024-06-13,CE,Total de aptos: 133
MISSÃO - PARTIDO MISSÃO,2024-06-14,AC,Total de aptos: 0
MISSÃO - PARTIDO MISSÃO,2024-06-14,AL,Total de aptos: 0
MISSÃO - PARTIDO MISSÃO,2024-06-14,AP,Total de aptos: 0
MISSÃO - PARTIDO MISSÃO,2024-06-14,AM,Total de aptos: 0
MISSÃO - PARTIDO MISSÃO,2024-06-14,BA,Total de aptos: 4481
MISSÃO - PARTIDO MISSÃO,2024-06-14,CE,Total de aptos: 133
MISSÃO - PARTIDO MISSÃO,2024-06-14,DF,Total de aptos: 4688
MISSÃO - PARTIDO MISSÃO,2024-06-14,ES,Total de aptos: 0
MISSÃO - PARTIDO MISSÃO,2024-06-14,GO,Total de aptos: 226
MISSÃO - PARTIDO MISSÃO,2024-06-14,MA,Total de aptos: 0
MISSÃO - PARTIDO MISSÃO,2024-06-14,MT,Total de aptos: 0
MISSÃO - PARTIDO MISSÃO,2024-06-14,MS,Total de aptos: 0
MISSÃO - PARTIDO MISSÃO,2024-06-14,MG,Total de aptos: 0
MISSÃO - PARTIDO MISSÃO,2024-06-14,PA,Total de aptos: 0
MISSÃO - PARTIDO MISSÃO,2024-06-14,PB,Total de aptos: 0
MISSÃO - PARTIDO MISSÃO,2024-06-14,PR,Total de aptos: 7144
MISSÃO - PARTIDO MISSÃO,2024-06-14,PE,Total de aptos: 232
MISSÃO - PARTIDO MISSÃO,2024-06-14,PI,Total de aptos: 0
MISSÃO - PARTIDO MISSÃO,2024-06-14,RJ,Total de aptos: 210
MISSÃO - PARTIDO MISSÃO,2024-06-14,RN,Total de aptos: 0
MISSÃO - PARTIDO MISSÃO,2024-06-14,RS,Total de aptos: 181
MISSÃO - PARTIDO MISSÃO,2024-06-14,RO,Total de aptos: 0
MISSÃO - PARTIDO MISSÃO,2024-06-14,RR,Total de aptos: 0
MISSÃO - PARTIDO MISSÃO,2024-06-14,SC,Total de aptos: 0
MISSÃO - PARTIDO MISSÃO,2024-06-14,SP,Total de aptos: 16044
MISSÃO - PARTIDO MISSÃO,2024-06-14,SE,Total de aptos: 362
MISSÃO - PARTIDO MISSÃO,2024-06-14,TO,Total de aptos: 0
MISSÃO - PARTIDO MISSÃO,2024-06-15,AC,Total de aptos: 0
MISSÃO - PARTIDO MISSÃO,2024-06-15,AL,Total de aptos: 0
MISSÃO - PARTIDO MISSÃO,2024-06-15,AP,Total de aptos: 0
MISSÃO - PARTIDO MISSÃO,2024-06-15,AM,Total de aptos: 0
MISSÃO - PARTIDO MISSÃO,2024-06-15,BA,Total de aptos: 4481
MISSÃO - PARTIDO MISSÃO,2024-06-15,CE,Total de aptos: 133
MISSÃO - PARTIDO MISSÃO,2024-06-15,DF,Total de aptos: 4688
MISSÃO - PARTIDO MISSÃO,2024-06-15,ES,Total de aptos: 0
MISSÃO - PARTIDO MISSÃO,2024-06-15,GO,Total de aptos: 226
MISSÃO - PARTIDO MISSÃO,2024-06-15,MA,Total de aptos: 0
MISSÃO - PARTIDO MISSÃO,2024-06-15,MT,Total de aptos: 0
MISSÃO - PARTIDO MISSÃO,2024-06-15,MS,Total de aptos: 0
MISSÃO - PARTIDO MISSÃO,2024-06-15,MG,Total de aptos: 0
MISSÃO - PARTIDO MISSÃO,2024-06-15,PA,Total de aptos: 0
MISSÃO - PARTIDO MISSÃO,2024-06-15,PB,Total de aptos: 0
MISSÃO - PARTIDO MISSÃO,2024-06-15,PR,Total de aptos: 7144
MISSÃO - PARTIDO MISSÃO,2024-06-15,PE,Total de aptos: 232
MISSÃO - PARTIDO MISSÃO,2024-06-15,PI,Total de aptos: 0
MISSÃO - PARTIDO MISSÃO,2024-06-15,RJ,Total de aptos: 210
MISSÃO - PARTIDO MISSÃO,2024-06-15,RN,Total de aptos: 0
MISSÃO - PARTIDO MISSÃO,2024-06-15,RS,Total de aptos: 181
MISSÃO - PARTIDO MISSÃO,2024-06-15,RO,Total de aptos: 0
MISSÃO - PARTIDO MISSÃO,2024-06-15,RR,Total de aptos: 0
MISSÃO - PARTIDO MISSÃO,2024-06-15,SC,Total de aptos: 0
MISSÃO - PARTIDO MISSÃO,2024-06-15,SP,Total de aptos: 16044
MISSÃO - PARTIDO MISSÃO,2024-06-15,SE,Total de aptos: 362
MISSÃO - PARTIDO MISSÃO,2024-06-15,TO,Total de aptos: 0
MISSÃO - PARTIDO MISSÃO,2024-06-16,AC,Total de aptos: 0
MISSÃO - PARTIDO MISSÃO,2024-06-16,AL,Total de aptos: 0
MISSÃO - PARTIDO MISSÃO,2024-06-16,AP,Total de aptos: 0
MISSÃO - PARTIDO MISSÃO,2024-06-16,AM,Total de aptos: 0
MISSÃO - PARTIDO MISSÃO,2024-06-16,BA,Total de aptos: 4481
MISSÃO - PARTIDO MISSÃO,2024-06-16,CE,Total de aptos: 133
MISSÃO - PARTIDO MISSÃO,2024-06-16,DF,Total de aptos: 4688
MISSÃO - PARTIDO MISSÃO,2024-06-16,ES,Total de aptos: 0
MISSÃO - PARTIDO MISSÃO,2024-06-16,GO,Total de aptos: 226
MISSÃO - PARTIDO MISSÃO,2024-06-16,MA,Total de aptos: 0
MISSÃO - PARTIDO MISSÃO,2024-06-16,MT,Total de aptos: 0
MISSÃO - PARTIDO MISSÃO,2024-06-16,MS,Total de aptos: 0
MISSÃO - PARTIDO MISSÃO,2024-06-16,MG,Total de aptos: 0
MISSÃO - PARTIDO MISSÃO,2024-06-16,PA,Total de aptos: 0
MISSÃO - PARTIDO MISSÃO,2024-06-16,PB,Total de aptos: 0
MISSÃO - PARTIDO MISSÃO,2024-06-16,PR,Total de aptos: 7144
MISSÃO - PARTIDO MISSÃO,2024-06-16,PE,Total de aptos: 232
MISSÃO - PARTIDO MISSÃO,2024-06-16,PI,Total de aptos: 0
MISSÃO - PARTIDO MISSÃO,2024-06-16,RJ,Total de aptos: 210
MISSÃO - PARTIDO MISSÃO,2024-06-16,RN,Total de aptos: 0
MISSÃO - PARTIDO MISSÃO,2024-06-16,RS,Total de aptos: 181
MISSÃO - PARTIDO MISSÃO,2024-06-16,RO,Total de aptos: 0
MISSÃO - PARTIDO MISSÃO,2024-06-16,RR,Total de aptos: 0
MISSÃO - PARTIDO MISSÃO,2024-06-16,SC,Total de aptos: 0
MISSÃO - PARTIDO MISSÃO,2024-06-16,SP,Total de aptos: 16044
MISSÃO - PARTIDO MISSÃO,2024-06-16,SE,Total de aptos: 362
MISSÃO - PARTIDO MISSÃO,2024-06-16,TO,Total de aptos: 0
MISSÃO - PARTIDO MISSÃO,2024-06-17,AC,Total de aptos: 0
MISSÃO - PARTIDO MISSÃO,2024-06-17,AL,Total de aptos: 0
MISSÃO - PARTIDO MISSÃO,2024-06-17,AP,Total de aptos: 0
MISSÃO - PARTIDO MISSÃO,2024-06-17,AM,Total de aptos: 0
MISSÃO - PARTIDO MISSÃO,2024-06-17,BA,Total de aptos: 5007
MISSÃO - PARTIDO MISSÃO,2024-06-17,CE,Total de aptos: 133
MISSÃO - PARTIDO MISSÃO,2024-06-17,DF,Total de aptos: 4688
MISSÃO - PARTIDO MISSÃO,2024-06-17,ES,Total de aptos: 0
MISSÃO - PARTIDO MISSÃO,2024-06-17,GO,Total de aptos: 226
MISSÃO - PARTIDO MISSÃO,2024-06-17,MA,Total de aptos: 0
MISSÃO - PARTIDO MISSÃO,2024-06-17,MT,Total de aptos: 0
MISSÃO - PARTIDO MISSÃO,2024-06-17,MS,Total de aptos: 0
MISSÃO - PARTIDO MISSÃO,2024-06-17,MG,Total de aptos: 0
MISSÃO - PARTIDO MISSÃO,2024-06-17,PA,Total de aptos: 0
MISSÃO - PARTIDO MISSÃO,2024-06-17,PB,Total de aptos: 0
MISSÃO - PARTIDO MISSÃO,2024-06-17,PR,Total de aptos: 7144
MISSÃO - PARTIDO MISSÃO,2024-06-17,PE,Total de aptos: 232
MISSÃO - PARTIDO MISSÃO,2024-06-17,PI,Total de aptos: 0
MISSÃO - PARTIDO MISSÃO,2024-06-17,RJ,Total de aptos: 244
MISSÃO - PARTIDO MISSÃO,2024-06-17,RN,Total de aptos: 0
MISSÃO - PARTIDO MISSÃO,2024-06-17,RS,Total de aptos: 181
MISSÃO - PARTIDO MISSÃO,2024-06-17,RO,Total de aptos: 0
MISSÃO - PARTIDO MISSÃO,2024-06-17,RR,Total de aptos: 0
MISSÃO - PARTIDO MISSÃO,2024-06-17,SC,Total de aptos: 0
MISSÃO - PARTIDO MISSÃO,2024-06-17,SP,Total de aptos: 17500
MISSÃO - PARTIDO MISSÃO,2024-06-17,SE,Total de aptos: 370
MISSÃO - PARTIDO MISSÃO,2024-06-17,TO,Total de aptos: 0
MISSÃO - PARTIDO MISSÃO,2024-06-18,AC,Total de aptos: 0
MISSÃO - PARTIDO MISSÃO,2024-06-18,AL,Total de aptos: 0
MISSÃO - PARTIDO MISSÃO,2024-06-18,AP,Total de aptos: 0
MISSÃO - PARTIDO MISSÃO,2024-06-18,AM,Total de aptos: 0
MISSÃO - PARTIDO MISSÃO,2024-06-18,BA,Total de aptos: 5775
MISSÃO - PARTIDO MISSÃO,2024-06-18,CE,Total de aptos: 133
MISSÃO - PARTIDO MISSÃO,2024-06-18,DF,Total de aptos: 4688
MISSÃO - PARTIDO MISSÃO,2024-06-18,ES,Total de aptos: 0
MISSÃO - PARTIDO MISSÃO,2024-06-18,GO,Total de aptos: 226
MISSÃO - PARTIDO MISSÃO,2024-06-18,MA,Total de aptos: 0
MISSÃO - PARTIDO MISSÃO,2024-06-18,MT,Total de aptos: 0
MISSÃO - PARTIDO MISSÃO,2024-06-18,MS,Total de aptos: 0
MISSÃO - PARTIDO MISSÃO,2024-06-18,MG,Total de aptos: 0
MISSÃO - PARTIDO MISSÃO,2024-06-18,PA,Total de aptos: 0
MISSÃO - PARTIDO MISSÃO,2024-06-18,PB,Total de aptos: 0
MISSÃO - PARTIDO MISSÃO,2024-06-18,PR,Total de aptos: 7144
MISSÃO - PARTIDO MISSÃO,2024-06-18,PE,Total de aptos: 232
MISSÃO - PARTIDO MISSÃO,2024-06-18,PI,Total de aptos: 0
MISSÃO - PARTIDO MISSÃO,2024-06-18,RJ,Total de aptos: 331
MISSÃO - PARTIDO MISSÃO,2024-06-18,RN,Total de aptos: 144
MISSÃO - PARTIDO MISSÃO,2024-06-18,RS,Total de aptos: 181
MISSÃO - PARTIDO MISSÃO,2024-06-18,RO,Total de aptos: 0
MISSÃO - PARTIDO MISSÃO,2024-06-18,RR,Total de aptos: 0
MISSÃO - PARTIDO MISSÃO,2024-06-18,SC,Total de aptos: 0
MISSÃO - PARTIDO MISSÃO,2024-06-18,SP,Total de aptos: 19032
MISSÃO - PARTIDO MISSÃO,2024-06-18,SE,Total de aptos: 370
MISSÃO - PARTIDO MISSÃO,2024-06-18,TO,Total de aptos: 0
MISSÃO - PARTIDO MISSÃO,2024-06-19,AC,Total de aptos: 0
MISSÃO - PARTIDO MISSÃO,2024-06-19,AL,Total de aptos: 0
MISSÃO - PARTIDO MISSÃO,2024-06-19,AP,Total de aptos: 0
MISSÃO - PARTIDO MISSÃO,2024-06-19,AM,Total de aptos: 0
MISSÃO - PARTIDO MISSÃO,2024-06-19,BA,Total de aptos: 6605
MISSÃO - PARTIDO MISSÃO,2024-06-19,CE,Total de aptos: 133
MISSÃO - PARTIDO MISSÃO,2024-06-19,DF,Total de aptos: 4688
MISSÃO - PARTIDO MISSÃO,2024-06-19,ES,Total de aptos: 0
MISSÃO - PARTIDO MISSÃO,2024-06-19,GO,Total de aptos: 226
MISSÃO - PARTIDO MISSÃO,2024-06-19,MA,Total de aptos: 0
MISSÃO - PARTIDO MISSÃO,2024-06-19,MT,Total de aptos: 0
MISSÃO - PARTIDO MISSÃO,2024-06-19,MS,Total de aptos: 0
MISSÃO - PARTIDO MISSÃO,2024-06-19,MG,Total de aptos: 0
MISSÃO - PARTIDO MISSÃO,2024-06-19,PA,Total de aptos: 0
MISSÃO - PARTIDO MISSÃO,2024-06-19,PB,Total de aptos: 0
MISSÃO - PARTIDO MISSÃO,2024-06-19,PR,Total de aptos: 7144
MISSÃO - PARTIDO MISSÃO,2024-06-19,PE,Total de aptos: 232
MISSÃO - PARTIDO MISSÃO,2024-06-19,PI,Total de aptos: 0
MISSÃO - PARTIDO MISSÃO,2024-06-19,RJ,Total de aptos: 332
MISSÃO - PARTIDO MISSÃO,2024-06-19,RN,Total de aptos: 643
MISSÃO - PARTIDO MISSÃO,2024-06-19,RS,Total de aptos: 181
MISSÃO - PARTIDO MISSÃO,2024-06-19,RO,Total de aptos: 0
MISSÃO - PARTIDO MISSÃO,2024-06-19,RR,Total de aptos: 0
MISSÃO - PARTIDO MISSÃO,2024-06-19,SC,Total de aptos: 0
MISSÃO - PARTIDO MISSÃO,2024-06-19,SP,Total de aptos: 19810
MISSÃO - PARTIDO MISSÃO,2024-06-19,SE,Total de aptos: 370
MISSÃO - PARTIDO MISSÃO,2024-06-19,TO,Total de aptos: 0
MISSÃO - PARTIDO MISSÃO,2024-06-20,AC,Total de aptos: 0
MISSÃO - PARTIDO MISSÃO,2024-06-20,AL,Total de aptos: 0
MISSÃO - PARTIDO MISSÃO,2024-06-20,AP,Total de aptos: 0
MISSÃO - PARTIDO MISSÃO,2024-06-20,AM,Total de aptos: 0
MISSÃO - PARTIDO MISSÃO,2024-06-20,BA,Total de aptos: 7228
MISSÃO - PARTIDO MISSÃO,2024-06-20,CE,Total de aptos: 133
MISSÃO - PARTIDO MISSÃO,2024-06-20,DF,Total de aptos: 4688
MISSÃO - PARTIDO MISSÃO,2024-06-20,ES,Total de aptos: 0
MISSÃO - PARTIDO MISSÃO,2024-06-20,GO,Total de aptos: 892
MISSÃO - PARTIDO MISSÃO,2024-06-20,MA,Total de aptos: 0
MISSÃO - PARTIDO MISSÃO,2024-06-20,MT,Total de aptos: 0
MISSÃO - PARTIDO MISSÃO,2024-06-20,MS,Total de aptos: 0
MISSÃO - PARTIDO MISSÃO,2024-06-20,MG,Total de aptos: 0
MISSÃO - PARTIDO MISSÃO,2024-06-20,PA,Total de aptos: 0
MISSÃO - PARTIDO MISSÃO,2024-06-20,PB,Total de aptos: 0
MISSÃO - PARTIDO MISSÃO,2024-06-20,PR,Total de aptos: 7144
MISSÃO - PARTIDO MISSÃO,2024-06-20,PE,Total de aptos: 232
MISSÃO - PARTIDO MISSÃO,2024-06-20,PI,Total de aptos: 0
MISSÃO - PARTIDO MISSÃO,2024-06-20,RJ,Total de aptos: 332
MISSÃO - PARTIDO MISSÃO,2024-06-20,RN,Total de aptos: 1326
MISSÃO - PARTIDO MISSÃO,2024-06-20,RS,Total de aptos: 181
MISSÃO - PARTIDO MISSÃO,2024-06-20,RO,Total de aptos: 0
MISSÃO - PARTIDO MISSÃO,2024-06-20,RR,Total de aptos: 0
MISSÃO - PARTIDO MISSÃO,2024-06-20,SC,Total de aptos: 0
MISSÃO - PARTIDO MISSÃO,2024-06-20,SP,Total de aptos: 21738
MISSÃO - PARTIDO MISSÃO,2024-06-20,SE,Total de aptos: 370
MISSÃO - PARTIDO MISSÃO,2024-06-20,TO,Total de aptos: 0
MISSÃO - PARTIDO MISSÃO,2024-06-21,AC,Total de aptos: 0
MISSÃO - PARTIDO MISSÃO,2024-06-21,AL,Total de aptos: 0
MISSÃO - PARTIDO MISSÃO,2024-06-21,AP,Total de aptos: 0
MISSÃO - PARTIDO MISSÃO,2024-06-21,AM,Total de aptos: 0
MISSÃO - PARTIDO MISSÃO,2024-06-21,BA,Total de aptos: 7414
MISSÃO - PARTIDO MISSÃO,2024-06-21,CE,Total de aptos: 133
MISSÃO - PARTIDO MISSÃO,2024-06-21,DF,Total de aptos: 4688
MISSÃO - PARTIDO MISSÃO,2024-06-21,ES,Total de aptos: 0
MISSÃO - PARTIDO MISSÃO,2024-06-21,GO,Total de aptos: 1311
MISSÃO - PARTIDO MISSÃO,2024-06-21,MA,Total de aptos: 0
MISSÃO - PARTIDO MISSÃO,2024-06-21,MT,Total de aptos: 0
MISSÃO - PARTIDO MISSÃO,2024-06-21,MS,Total de aptos: 0
MISSÃO - PARTIDO MISSÃO,2024-06-21,MG,Total de aptos: 0
MISSÃO - PARTIDO MISSÃO,2024-06-21,PA,Total de aptos: 0
MISSÃO - PARTIDO MISSÃO,2024-06-21,PB,Total de aptos: 0
MISSÃO - PARTIDO MISSÃO,2024-06-21,PR,Total de aptos: 7144
MISSÃO - PARTIDO MISSÃO,2024-06-21,PE,Total de aptos: 232
MISSÃO - PARTIDO MISSÃO,2024-06-21,PI,Total de aptos: 0
MISSÃO - PARTIDO MISSÃO,2024-06-21,RJ,Total de aptos: 332
MISSÃO - PARTIDO MISSÃO,2024-06-21,RN,Total de aptos: 1831
MISSÃO - PARTIDO MISSÃO,2024-06-21,RS,Total de aptos: 181
MISSÃO - PARTIDO MISSÃO,2024-06-21,RO,Total de aptos: 0
MISSÃO - PARTIDO MISSÃO,2024-06-21,RR,Total de aptos: 0
MISSÃO - PARTIDO MISSÃO,2024-06-21,SC,Total de aptos: 0
MISSÃO - PARTIDO MISSÃO,2024-06-21,SP,Total de aptos: 22475
MISSÃO - PARTIDO MISSÃO,2024-06-21,SE,Total de aptos: 435
MISSÃO - PARTIDO MISSÃO,2024-06-21,TO,Total de aptos: 0
MISSÃO - PARTIDO MISSÃO,2024-06-22,AC,Total de aptos: 0
MISSÃO - PARTIDO MISSÃO,2024-06-22,AL,Total de aptos: 0
MISSÃO - PARTIDO MISSÃO,2024-06-22,AP,Total de aptos: 0
MISSÃO - PARTIDO MISSÃO,2024-06-22,AM,Total de aptos: 0
MISSÃO - PARTIDO MISSÃO,2024-06-22,BA,Total de aptos: 7414
MISSÃO - PARTIDO MISSÃO,2024-06-22,CE,Total de aptos: 133
MISSÃO - PARTIDO MISSÃO,2024-06-22,DF,Total de aptos: 4688
MISSÃO - PARTIDO MISSÃO,2024-06-22,ES,Total de aptos: 0
MISSÃO - PARTIDO MISSÃO,2024-06-22,GO,Total de aptos: 1311
MISSÃO - PARTIDO MISSÃO,2024-06-22,MA,Total de aptos: 0
MISSÃO - PARTIDO MISSÃO,2024-06-22,MT,Total de aptos: 0
MISSÃO - PARTIDO MISSÃO,2024-06-22,MS,Total de aptos: 0
MISSÃO - PARTIDO MISSÃO,2024-06-22,MG,Total de aptos: 0
MISSÃO - PARTIDO MISSÃO,2024-06-22,PA,Total de aptos: 0
MISSÃO - PARTIDO MISSÃO,2024-06-22,PB,Total de aptos: 0
MISSÃO - PARTIDO MISSÃO,2024-06-22,PR,Total de aptos: 7144
MISSÃO - PARTIDO MISSÃO,2024-06-22,PE,Total de aptos: 232
MISSÃO - PARTIDO MISSÃO,2024-06-22,PI,Total de aptos: 0
MISSÃO - PARTIDO MISSÃO,2024-06-22,RJ,Total de aptos: 332
MISSÃO - PARTIDO MISSÃO,2024-06-22,RN,Total de aptos: 1831
MISSÃO - PARTIDO MISSÃO,2024-06-22,RS,Total de aptos: 181
MISSÃO - PARTIDO MISSÃO,2024-06-22,RO,Total de aptos: 0
MISSÃO - PARTIDO MISSÃO,2024-06-22,RR,Total de aptos: 0
MISSÃO - PARTIDO MISSÃO,2024-06-22,SC,Total de aptos: 0
MISSÃO - PARTIDO MISSÃO,2024-06-22,SP,Total de aptos: 22475
MISSÃO - PARTIDO MISSÃO,2024-06-22,SE,Total de aptos: 435
MISSÃO - PARTIDO MISSÃO,2024-06-22,TO,Total de aptos: 0
MISSÃO - PARTIDO MISSÃO,2024-06-23,AC,Total de aptos: 0
MISSÃO - PARTIDO MISSÃO,2024-06-23,AL,Total de aptos: 0
MISSÃO - PARTIDO MISSÃO,2024-06-23,AP,Total de aptos: 0
MISSÃO - PARTIDO MISSÃO,2024-06-23,AM,Total de aptos: 0
MISSÃO - PARTIDO MISSÃO,2024-06-23,BA,Total de aptos: 7414
MISSÃO - PARTIDO MISSÃO,2024-06-23,CE,Total de aptos: 133
MISSÃO - PARTIDO MISSÃO,2024-06-23,DF,Total de aptos: 4688
MISSÃO - PARTIDO MISSÃO,2024-06-23,ES,Total de aptos: 0
MISSÃO - PARTIDO MISSÃO,2024-06-23,GO,Total de aptos: 1311
MISSÃO - PARTIDO MISSÃO,2024-06-23,MA,Total de aptos: 0
MISSÃO - PARTIDO MISSÃO,2024-06-23,MT,Total de aptos: 0
MISSÃO - PARTIDO MISSÃO,2024-06-23,MS,Total de aptos: 0
MISSÃO - PARTIDO MISSÃO,2024-06-23,MG,Total de aptos: 0
MISSÃO - PARTIDO MISSÃO,2024-06-23,PA,Total de aptos: 0
MISSÃO - PARTIDO MISSÃO,2024-06-23,PB,Total de aptos: 0
MISSÃO - PARTIDO MISSÃO,2024-06-23,PR,Total de aptos: 7144
MISSÃO - PARTIDO MISSÃO,2024-06-23,PE,Total de aptos: 232
MISSÃO - PARTIDO MISSÃO,2024-06-23,PI,Total de aptos: 0
MISSÃO - PARTIDO MISSÃO,2024-06-23,RJ,Total de aptos: 332
MISSÃO - PARTIDO MISSÃO,2024-06-23,RN,Total de aptos: 1831
MISSÃO - PARTIDO MISSÃO,2024-06-23,RS,Total de aptos: 181
MISSÃO - PARTIDO MISSÃO,2024-06-23,RO,Total de aptos: 0
MISSÃO - PARTIDO MISSÃO,2024-06-23,RR,Total de aptos: 0
MISSÃO - PARTIDO MISSÃO,2024-06-23,SC,Total de aptos: 0
MISSÃO - PARTIDO MISSÃO,2024-06-23,SP,Total de aptos: 22475
MISSÃO - PARTIDO MISSÃO,2024-06-23,SE,Total de aptos: 435
MISSÃO - PARTIDO MISSÃO,2024-06-23,TO,Total de aptos: 0
MISSÃO - PARTIDO MISSÃO,2024-06-24,AC,Total de aptos: 0
MISSÃO - PARTIDO MISSÃO,2024-06-24,AL,Total de aptos: 0
MISSÃO - PARTIDO MISSÃO,2024-06-24,AP,Total de aptos: 0
MISSÃO - PARTIDO MISSÃO,2024-06-24,AM,Total de aptos: 0
MISSÃO - PARTIDO MISSÃO,2024-06-24,BA,Total de aptos: 7708
MISSÃO - PARTIDO MISSÃO,2024-06-24,CE,Total de aptos: 133
MISSÃO - PARTIDO MISSÃO,2024-06-24,DF,Total de aptos: 4691
MISSÃO - PARTIDO MISSÃO,2024-06-24,ES,Total de aptos: 0
MISSÃO - PARTIDO MISSÃO,2024-06-24,GO,Total de aptos: 1552
MISSÃO - PARTIDO MISSÃO,2024-06-24,MA,Total de aptos: 0
MISSÃO - PARTIDO MISSÃO,2024-06-24,MT,Total de aptos: 0
MISSÃO - PARTIDO MISSÃO,2024-06-24,MS,Total de aptos: 0
MISSÃO - PARTIDO MISSÃO,2024-06-24,MG,Total de aptos: 0
MISSÃO - PARTIDO MISSÃO,2024-06-24,PA,Total de aptos: 0
MISSÃO - PARTIDO MISSÃO,2024-06-24,PB,Total de aptos: 0
MISSÃO - PARTIDO MISSÃO,2024-06-24,PR,Total de aptos: 7144
MISSÃO - PARTIDO MISSÃO,2024-06-24,PE,Total de aptos: 265
MISSÃO - PARTIDO MISSÃO,2024-06-24,PI,Total de aptos: 0
MISSÃO - PARTIDO MISSÃO,2024-06-24,RJ,Total de aptos: 505
MISSÃO - PARTIDO MISSÃO,2024-06-24,RN,Total de aptos: 2041
MISSÃO - PARTIDO MISSÃO,2024-06-24,RS,Total de aptos: 181
MISSÃO - PARTIDO MISSÃO,2024-06-24,RO,Total de aptos: 0
MISSÃO - PARTIDO MISSÃO,2024-06-24,RR,Total de aptos: 0
MISSÃO - PARTIDO MISSÃO,2024-06-24,SC,Total de aptos: 0
MISSÃO - PARTIDO MISSÃO,2024-06-24,SP,Total de aptos: 23737
MISSÃO - PARTIDO MISSÃO,2024-06-24,SE,Total de aptos: 435
MISSÃO - PARTIDO MISSÃO,2024-06-24,TO,Total de aptos: 0
MISSÃO - PARTIDO MISSÃO,2024-06-25,AC,Total de aptos: 0
MISSÃO - PARTIDO MISSÃO,2024-06-25,AL,Total de aptos: 0
MISSÃO - PARTIDO MISSÃO,2024-06-25,AP,Total de aptos: 0
MISSÃO - PARTIDO MISSÃO,2024-06-25,AM,Total de aptos: 0
MISSÃO - PARTIDO MISSÃO,2024-06-25,BA,Total de aptos: 8002
MISSÃO - PARTIDO MISSÃO,2024-06-25,CE,Total de aptos: 133
MISSÃO - PARTIDO MISSÃO,2024-06-25,DF,Total de aptos: 4691
MISSÃO - PARTIDO MISSÃO,2024-06-25,ES,Total de aptos: 0
MISSÃO - PARTIDO MISSÃO,2024-06-25,GO,Total de aptos: 1793
MISSÃO - PARTIDO MISSÃO,2024-06-25,MA,Total de aptos: 0
MISSÃO - PARTIDO MISSÃO,2024-06-25,MT,Total de aptos: 0
MISSÃO - PARTIDO MISSÃO,2024-06-25,MS,Total de aptos: 0
MISSÃO - PARTIDO MISSÃO,2024-06-25,MG,Total de aptos: 0
MISSÃO - PARTIDO MISSÃO,2024-06-25,PA,Total de aptos: 0
MISSÃO - PARTIDO MISSÃO,2024-06-25,PB,Total de aptos: 0
MISSÃO - PARTIDO MISSÃO,2024-06-25,PR,Total de aptos: 7144
MISSÃO - PARTIDO MISSÃO,2024-06-25,PE,Total de aptos: 298
MISSÃO - PARTIDO MISSÃO,2024-06-25,PI,Total de aptos: 0
MISSÃO - PARTIDO MISSÃO,2024-06-25,RJ,Total de aptos: 678
MISSÃO - PARTIDO MISSÃO,2024-06-25,RN,Total de aptos: 2251
MISSÃO - PARTIDO MISSÃO,2024-06-25,RS,Total de aptos: 181
MISSÃO - PARTIDO MISSÃO,2024-06-25,RO,Total de aptos: 0
MISSÃO - PARTIDO MISSÃO,2024-06-25,RR,Total de aptos: 0
MISSÃO - PARTIDO MISSÃO,2024-06-25,SC,Total de aptos: 0
MISSÃO - PARTIDO MISSÃO,2024-06-25,SP,Total de aptos: 25001
MISSÃO - PARTIDO MISSÃO,2024-06-25,SE,Total de aptos: 435
MISSÃO - PARTIDO MISSÃO,2024-06-25,TO,Total de aptos: 0
MISSÃO - PARTIDO MISSÃO,2024-06-26,AC,Total de aptos: 0
MISSÃO - PARTIDO MISSÃO,2024-06-26,AL,Total de aptos: 0
MISSÃO - PARTIDO MISSÃO,2024-06-26,AP,Total de aptos: 0
MISSÃO - PARTIDO MISSÃO,2024-06-26,AM,Total de aptos: 0
MISSÃO - PARTIDO MISSÃO,2024-06-26,BA,Total de aptos: 8296
MISSÃO - PARTIDO MISSÃO,2024-06-26,CE,Total de aptos: 133
MISSÃO - PARTIDO MISSÃO,2024-06-26,DF,Total de aptos: 4691
MISSÃO - PARTIDO MISSÃO,2024-06-26,ES,Total de aptos: 0
MISSÃO - PARTIDO MISSÃO,2024-06-26,GO,Total de aptos: 2034
MISSÃO - PARTIDO MISSÃO,2024-06-26,MA,Total de aptos: 0
MISSÃO - PARTIDO MISSÃO,2024-06-26,MT,Total de aptos: 0
MISSÃO - PARTIDO MISSÃO,2024-06-26,MS,Total de aptos: 0
MISSÃO - PARTIDO MISSÃO,2024-06-26,MG,Total de aptos: 0
MISSÃO - PARTIDO MISSÃO,2024-06-26,PA,Total de aptos: 0
MISSÃO - PARTIDO MISSÃO,2024-06-26,PB,Total de aptos: 0
MISSÃO - PARTIDO MISSÃO,2024-06-26,PR,Total de aptos: 7144
MISSÃO - PARTIDO MISSÃO,2024-06-26,PE,Total de aptos: 331
MISSÃO - PARTIDO MISSÃO,2024-06-26,PI,Total de aptos: 0
MISSÃO - PARTIDO MISSÃO,2024-06-26,RJ,Total de aptos: 851
MISSÃO - PARTIDO MISSÃO,2024-06-26,RN,Total de aptos: 2461
MISSÃO - PARTIDO MISSÃO,2024-06-26,RS,Total de aptos: 181
MISSÃO - PARTIDO MISSÃO,2024-06-26,RO,Total de aptos: 0
MISSÃO - PARTIDO MISSÃO,2024-06-26,RR,Total de aptos: 0
MISSÃO - PARTIDO MISSÃO,2024-06-26,SC,Total de aptos: 0
MISSÃO - PARTIDO MISSÃO,2024-06-26,SP,Total de aptos: 26263
MISSÃO - PARTIDO MISSÃO,2024-06-26,SE,Total de aptos: 435
MISSÃO - PARTIDO MISSÃO,2024-06-26,TO,Total de aptos: 0
MISSÃO - PARTIDO MISSÃO,2024-06-27,AC,Total de aptos: 0
MISSÃO - PARTIDO MISSÃO,2024-06-27,AL,Total de aptos: 0
MISSÃO - PARTIDO MISSÃO,2024-06-27,AP,Total de aptos: 0
MISSÃO - PARTIDO MISSÃO,2024-06-27,AM,Total de aptos: 0
MISSÃO - PARTIDO MISSÃO,2024-06-27,BA,Total de aptos: 8923
MISSÃO - PARTIDO MISSÃO,2024-06-27,CE,Total de aptos: 133
MISSÃO - PARTIDO MISSÃO,2024-06-27,DF,Total de aptos: 4691
MISSÃO - PARTIDO MISSÃO,2024-06-27,ES,Total de aptos: 0
MISSÃO - PARTIDO MISSÃO,2024-06-27,GO,Total de aptos: 2275
MISSÃO - PARTIDO MISSÃO,2024-06-27,MA,Total de aptos: 0
MISSÃO - PARTIDO MISSÃO,2024-06-27,MT,Total de aptos: 0
MISSÃO - PARTIDO MISSÃO,2024-06-27,MS,Total de aptos: 0
MISSÃO - PARTIDO MISSÃO,2024-06-27,MG,Total de aptos: 0
MISSÃO - PARTIDO MISSÃO,2024-06-27,PA,Total de aptos: 0
MISSÃO - PARTIDO MISSÃO,2024-06-27,PB,Total de aptos: 0
MISSÃO - PARTIDO MISSÃO,2024-06-27,PR,Total de aptos: 7185
MISSÃO - PARTIDO MISSÃO,2024-06-27,PE,Total de aptos: 364
MISSÃO - PARTIDO MISSÃO,2024-06-27,PI,Total de aptos: 0
MISSÃO - PARTIDO MISSÃO,2024-06-27,RJ,Total de aptos: 1023
MISSÃO - PARTIDO MISSÃO,2024-06-27,RN,Total de aptos: 2671
MISSÃO - PARTIDO MISSÃO,2024-06-27,RS,Total de aptos: 181
MISSÃO - PARTIDO MISSÃO,2024-06-27,RO,Total de aptos: 0
MISSÃO - PARTIDO MISSÃO,2024-06-27,RR,Total de aptos: 0
MISSÃO - PARTIDO MISSÃO,2024-06-27,SC,Total de aptos: 0
MISSÃO - PARTIDO MISSÃO,2024-06-27,SP,Total de aptos: 27131
MISSÃO - PARTIDO MISSÃO,2024-06-27,SE,Total de aptos: 435
MISSÃO - PARTIDO MISSÃO,2024-06-27,TO,Total de aptos: 0
MISSÃO - PARTIDO MISSÃO,2024-06-28,AC,Total de aptos: 0
MISSÃO - PARTIDO MISSÃO,2024-06-28,AL,Total de aptos: 0
MISSÃO - PARTIDO MISSÃO,2024-06-28,AP,Total de aptos: 0
MISSÃO - PARTIDO MISSÃO,2024-06-28,AM,Total de aptos: 0
MISSÃO - PARTIDO MISSÃO,2024-06-28,BA,Total de aptos: 9240
MISSÃO - PARTIDO MISSÃO,2024-06-28,CE,Total de aptos: 133
MISSÃO - PARTIDO MISSÃO,2024-06-28,DF,Total de aptos: 4691
MISSÃO - PARTIDO MISSÃO,2024-06-28,ES,Total de aptos: 0
MISSÃO - PARTIDO MISSÃO,2024-06-28,GO,Total de aptos: 2275
MISSÃO - PARTIDO MISSÃO,2024-06-28,MA,Total de aptos: 0
MISSÃO - PARTIDO MISSÃO,2024-06-28,MT,Total de aptos: 0
MISSÃO - PARTIDO MISSÃO,2024-06-28,MS,Total de aptos: 0
MISSÃO - PARTIDO MISSÃO,2024-06-28,MG,Total de aptos: 0
MISSÃO - PARTIDO MISSÃO,2024-06-28,PA,Total de aptos: 0
MISSÃO - PARTIDO MISSÃO,2024-06-28,PB,Total de aptos: 0
MISSÃO - PARTIDO MISSÃO,2024-06-28,PR,Total de aptos: 7185
MISSÃO - PARTIDO MISSÃO,2024-06-28,PE,Total de aptos: 372
MISSÃO - PARTIDO MISSÃO,2024-06-28,PI,Total de aptos: 0
MISSÃO - PARTIDO MISSÃO,2024-06-28,RJ,Total de aptos: 1046
MISSÃO - PARTIDO MISSÃO,2024-06-28,RN,Total de aptos: 2863
MISSÃO - PARTIDO MISSÃO,2024-06-28,RS,Total de aptos: 181
MISSÃO - PARTIDO MISSÃO,2024-06-28,RO,Total de aptos: 0
MISSÃO - PARTIDO MISSÃO,2024-06-28,RR,Total de aptos: 0
MISSÃO - PARTIDO MISSÃO,2024-06-28,SC,Total de aptos: 0
MISSÃO - PARTIDO MISSÃO,2024-06-28,SP,Total de aptos: 27902
MISSÃO - PARTIDO MISSÃO,2024-06-28,SE,Total de aptos: 446
MISSÃO - PARTIDO MISSÃO,2024-06-28,TO,Total de aptos: 0
MISSÃO - PARTIDO MISSÃO,2024-06-29,AC,Total de aptos: 0
MISSÃO - PARTIDO MISSÃO,2024-06-29,AL,Total de aptos: 0
MISSÃO - PARTIDO MISSÃO,2024-06-29,AP,Total de aptos: 0
MISSÃO - PARTIDO MISSÃO,2024-06-29,AM,Total de aptos: 0
MISSÃO - PARTIDO MISSÃO,2024-06-29,BA,Total de aptos: 9240
MISSÃO - PARTIDO MISSÃO,2024-06-29,CE,Total de aptos: 133
MISSÃO - PARTIDO MISSÃO,2024-06-29,DF,Total de aptos: 4691
MISSÃO - PARTIDO MISSÃO,2024-06-29,ES,Total de aptos: 0
MISSÃO - PARTIDO MISSÃO,2024-06-29,GO,Total de aptos: 2275
MISSÃO - PARTIDO MISSÃO,2024-06-29,MA,Total de aptos: 0
MISSÃO - PARTIDO MISSÃO,2024-06-29,MT,Total de aptos: 0
MISSÃO - PARTIDO MISSÃO,2024-06-29,MS,Total de aptos: 0
MISSÃO - PARTIDO MISSÃO,2024-06-29,MG,Total de aptos: 0
MISSÃO - PARTIDO MISSÃO,2024-06-29,PA,Total de aptos: 0
MISSÃO - PARTIDO MISSÃO,2024-06-29,PB,Total de aptos: 0
MISSÃO - PARTIDO MISSÃO,2024-06-29,PR,Total de aptos: 7185
MISSÃO - PARTIDO MISSÃO,2024-06-29,PE,Total de aptos: 372
MISSÃO - PARTIDO MISSÃO,2024-06-29,PI,Total de aptos: 0
MISSÃO - PARTIDO MISSÃO,2024-06-29,RJ,Total de aptos: 1046
MISSÃO - PARTIDO MISSÃO,2024-06-29,RN,Total de aptos: 2863
MISSÃO - PARTIDO MISSÃO,2024-06-29,RS,Total de aptos: 181
MISSÃO - PARTIDO MISSÃO,2024-06-29,RO,Total de aptos: 0
MISSÃO - PARTIDO MISSÃO,2024-06-29,RR,Total de aptos: 0
MISSÃO - PARTIDO MISSÃO,2024-06-29,SC,Total de aptos: 0
MISSÃO - PARTIDO MISSÃO,2024-06-29,SP,Total de aptos: 27902
MISSÃO - PARTIDO MISSÃO,2024-06-29,SE,Total de aptos: 446
MISSÃO - PARTIDO MISSÃO,2024-06-29,TO,Total de aptos: 0
MISSÃO - PARTIDO MISSÃO,2024-06-30,AC,Total de aptos: 0
MISSÃO - PARTIDO MISSÃO,2024-06-30,AL,Total de aptos: 0
MISSÃO - PARTIDO MISSÃO,2024-06-30,AP,Total de aptos: 0
MISSÃO - PARTIDO MISSÃO,2024-06-30,AM,Total de aptos: 0
MISSÃO - PARTIDO MISSÃO,2024-06-30,BA,Total de aptos: 9240
MISSÃO - PARTIDO MISSÃO,2024-06-30,CE,Total de aptos: 133
MISSÃO - PARTIDO MISSÃO,2024-06-30,DF,Total de aptos: 4691
MISSÃO - PARTIDO MISSÃO,2024-06-30,ES,Total de aptos: 0
MISSÃO - PARTIDO MISSÃO,2024-06-30,GO,Total de aptos: 2275
MISSÃO - PARTIDO MISSÃO,2024-06-30,MA,Total de aptos: 0
MISSÃO - PARTIDO MISSÃO,2024-06-30,MT,Total de aptos: 0
MISSÃO - PARTIDO MISSÃO,2024-06-30,MS,Total de aptos: 0
MISSÃO - PARTIDO MISSÃO,2024-06-30,MG,Total de aptos: 0
MISSÃO - PARTIDO MISSÃO,2024-06-30,PA,Total de aptos: 0
MISSÃO - PARTIDO MISSÃO,2024-06-30,PB,Total de aptos: 0
MISSÃO - PARTIDO MISSÃO,2024-06-30,PR,Total de aptos: 7185
MISSÃO - PARTIDO MISSÃO,2024-06-30,PE,Total de aptos: 372
MISSÃO - PARTIDO MISSÃO,2024-06-30,PI,Total de aptos: 0
MISSÃO - PARTIDO MISSÃO,2024-06-30,RJ,Total de aptos: 1046
MISSÃO - PARTIDO MISSÃO,2024-06-30,RN,Total de aptos: 2863
MISSÃO - PARTIDO MISSÃO,2024-06-30,RS,Total de aptos: 181
MISSÃO - PARTIDO MISSÃO,2024-06-30,RO,Total de aptos: 0
MISSÃO - PARTIDO MISSÃO,2024-06-30,RR,Total de aptos: 0
MISSÃO - PARTIDO MISSÃO,2024-06-30,SC,Total de aptos: 0
MISSÃO - PARTIDO MISSÃO,2024-06-30,SP,Total de aptos: 27902
MISSÃO - PARTIDO MISSÃO,2024-06-30,SE,Total de aptos: 446
MISSÃO - PARTIDO MISSÃO,2024-06-30,TO,Total de aptos: 0
MISSÃO - PARTIDO MISSÃO,2024-07-01,AC,Total de aptos: 0
MISSÃO - PARTIDO MISSÃO,2024-07-01,AL,Total de aptos: 0
MISSÃO - PARTIDO MISSÃO,2024-07-01,AP,Total de aptos: 0
MISSÃO - PARTIDO MISSÃO,2024-07-01,AM,Total de aptos: 0
MISSÃO - PARTIDO MISSÃO,2024-07-01,BA,Total de aptos: 9240
MISSÃO - PARTIDO MISSÃO,2024-07-01,CE,Total de aptos: 133
MISSÃO - PARTIDO MISSÃO,2024-07-01,DF,Total de aptos: 4691
MISSÃO - PARTIDO MISSÃO,2024-07-01,ES,Total de aptos: 0
MISSÃO - PARTIDO MISSÃO,2024-07-01,GO,Total de aptos: 2275
MISSÃO - PARTIDO MISSÃO,2024-07-01,MA,Total de aptos: 0
MISSÃO - PARTIDO MISSÃO,2024-07-01,MT,Total de aptos: 0
MISSÃO - PARTIDO MISSÃO,2024-07-01,MS,Total de aptos: 0
MISSÃO - PARTIDO MISSÃO,2024-07-01,MG,Total de aptos: 0
MISSÃO - PARTIDO MISSÃO,2024-07-01,PA,Total de aptos: 0
MISSÃO - PARTIDO MISSÃO,2024-07-01,PB,Total de aptos: 0
MISSÃO - PARTIDO MISSÃO,2024-07-01,PR,Total de aptos: 7193
MISSÃO - PARTIDO MISSÃO,2024-07-01,PE,Total de aptos: 407
MISSÃO - PARTIDO MISSÃO,2024-07-01,PI,Total de aptos: 0
MISSÃO - PARTIDO MISSÃO,2024-07-01,RJ,Total de aptos: 1046
MISSÃO - PARTIDO MISSÃO,2024-07-01,RN,Total de aptos: 3055
MISSÃO - PARTIDO MISSÃO,2024-07-01,RS,Total de aptos: 181
MISSÃO - PARTIDO MISSÃO,2024-07-01,RO,Total de aptos: 0
MISSÃO - PARTIDO MISSÃO,2024-07-01,RR,Total de aptos: 0
MISSÃO - PARTIDO MISSÃO,2024-07-01,SC,Total de aptos: 0
MISSÃO - PARTIDO MISSÃO,2024-07-01,SP,Total de aptos: 29032
MISSÃO - PARTIDO MISSÃO,2024-07-01,SE,Total de aptos: 446
MISSÃO - PARTIDO MISSÃO,2024-07-01,TO,Total de aptos: 0
MISSÃO - PARTIDO MISSÃO,2024-07-02,AC,Total de aptos: 0
MISSÃO - PARTIDO MISSÃO,2024-07-02,AL,Total de aptos: 0
MISSÃO - PARTIDO MISSÃO,2024-07-02,AP,Total de aptos: 0
MISSÃO - PARTIDO MISSÃO,2024-07-02,AM,Total de aptos: 0
MISSÃO - PARTIDO MISSÃO,2024-07-02,BA,Total de aptos: 9240
MISSÃO - PARTIDO MISSÃO,2024-07-02,CE,Total de aptos: 133
MISSÃO - PARTIDO MISSÃO,2024-07-02,DF,Total de aptos: 4691
MISSÃO - PARTIDO MISSÃO,2024-07-02,ES,Total de aptos: 0
MISSÃO - PARTIDO MISSÃO,2024-07-02,GO,Total de aptos: 2300
MISSÃO - PARTIDO MISSÃO,2024-07-02,MA,Total de aptos: 0
MISSÃO - PARTIDO MISSÃO,2024-07-02,MT,Total de aptos: 0
MISSÃO - PARTIDO MISSÃO,2024-07-02,MS,Total de aptos: 0
MISSÃO - PARTIDO MISSÃO,2024-07-02,MG,Total de aptos: 0
MISSÃO - PARTIDO MISSÃO,2024-07-02,PA,Total de aptos: 0
MISSÃO - PARTIDO MISSÃO,2024-07-02,PB,Total de aptos: 0
MISSÃO - PARTIDO MISSÃO,2024-07-02,PR,Total de aptos: 7193
MISSÃO - PARTIDO MISSÃO,2024-07-02,PE,Total de aptos: 1540
MISSÃO - PARTIDO MISSÃO,2024-07-02,PI,Total de aptos: 0
MISSÃO - PARTIDO MISSÃO,2024-07-02,RJ,Total de aptos: 1900
MISSÃO - PARTIDO MISSÃO,2024-07-02,RN,Total de aptos: 3132
MISSÃO - PARTIDO MISSÃO,2024-07-02,RS,Total de aptos: 181
MISSÃO - PARTIDO MISSÃO,2024-07-02,RO,Total de aptos: 0
MISSÃO - PARTIDO MISSÃO,2024-07-02,RR,Total de aptos: 0
MISSÃO - PARTIDO MISSÃO,2024-07-02,SC,Total de aptos: 0
MISSÃO - PARTIDO MISSÃO,2024-07-02,SP,Total de aptos: 29898
MISSÃO - PARTIDO MISSÃO,2024-07-02,SE,Total de aptos: 523
MISSÃO - PARTIDO MISSÃO,2024-07-02,TO,Total de aptos: 0
MISSÃO - PARTIDO MISSÃO,2024-07-03,AC,Total de aptos: 0
MISSÃO - PARTIDO MISSÃO,2024-07-03,AL,Total de aptos: 0
MISSÃO - PARTIDO MISSÃO,2024-07-03,AP,Total de aptos: 0
MISSÃO - PARTIDO MISSÃO,2024-07-03,AM,Total de aptos: 0
MISSÃO - PARTIDO MISSÃO,2024-07-03,BA,Total de aptos: 9304
MISSÃO - PARTIDO MISSÃO,2024-07-03,CE,Total de aptos: 133
MISSÃO - PARTIDO MISSÃO,2024-07-03,DF,Total de aptos: 4691
MISSÃO - PARTIDO MISSÃO,2024-07-03,ES,Total de aptos: 0
MISSÃO - PARTIDO MISSÃO,2024-07-03,GO,Total de aptos: 2337
MISSÃO - PARTIDO MISSÃO,2024-07-03,MA,Total de aptos: 0
MISSÃO - PARTIDO MISSÃO,2024-07-03,MT,Total de aptos: 0
MISSÃO - PARTIDO MISSÃO,2024-07-03,MS,Total de aptos: 0
MISSÃO - PARTIDO MISSÃO,2024-07-03,MG,Total de aptos: 0
MISSÃO - PARTIDO MISSÃO,2024-07-03,PA,Total de aptos: 0
MISSÃO - PARTIDO MISSÃO,2024-07-03,PB,Total de aptos: 0
MISSÃO - PARTIDO MISSÃO,2024-07-03,PR,Total de aptos: 7193
MISSÃO - PARTIDO MISSÃO,2024-07-03,PE,Total de aptos: 1524
MISSÃO - PARTIDO MISSÃO,2024-07-03,PI,Total de aptos: 0
MISSÃO - PARTIDO MISSÃO,2024-07-03,RJ,Total de aptos: 2894
MISSÃO - PARTIDO MISSÃO,2024-07-03,RN,Total de aptos: 3183
MISSÃO - PARTIDO MISSÃO,2024-07-03,RS,Total de aptos: 181
MISSÃO - PARTIDO MISSÃO,2024-07-03,RO,Total de aptos: 0
MISSÃO - PARTIDO MISSÃO,2024-07-03,RR,Total de aptos: 0
MISSÃO - PARTIDO MISSÃO,2024-07-03,SC,Total de aptos: 0
MISSÃO - PARTIDO MISSÃO,2024-07-03,SP,Total de aptos: 30656
MISSÃO - PARTIDO MISSÃO,2024-07-03,SE,Total de aptos: 523
MISSÃO - PARTIDO MISSÃO,2024-07-03,TO,Total de aptos: 0
MISSÃO - PARTIDO MISSÃO,2024-07-04,AC,Total de aptos: 0
MISSÃO - PARTIDO MISSÃO,2024-07-04,AL,Total de aptos: 0
MISSÃO - PARTIDO MISSÃO,2024-07-04,AP,Total de aptos: 0
MISSÃO - PARTIDO MISSÃO,2024-07-04,AM,Total de aptos: 0
MISSÃO - PARTIDO MISSÃO,2024-07-04,BA,Total de aptos: 9445
MISSÃO - PARTIDO MISSÃO,2024-07-04,CE,Total de aptos: 133
MISSÃO - PARTIDO MISSÃO,2024-07-04,DF,Total de aptos: 4691
MISSÃO - PARTIDO MISSÃO,2024-07-04,ES,Total de aptos: 0
MISSÃO - PARTIDO MISSÃO,2024-07-04,GO,Total de aptos: 2397
MISSÃO - PARTIDO MISSÃO,2024-07-04,MA,Total de aptos: 0
MISSÃO - PARTIDO MISSÃO,2024-07-04,MT,Total de aptos: 0
MISSÃO - PARTIDO MISSÃO,2024-07-04,MS,Total de aptos: 0
MISSÃO - PARTIDO MISSÃO,2024-07-04,MG,Total de aptos: 0
MISSÃO - PARTIDO MISSÃO,2024-07-04,PA,Total de aptos: 0
MISSÃO - PARTIDO MISSÃO,2024-07-04,PB,Total de aptos: 0
MISSÃO - PARTIDO MISSÃO,2024-07-04,PR,Total de aptos: 7193
MISSÃO - PARTIDO MISSÃO,2024-07-04,PE,Total de aptos: 2137,5
MISSÃO - PARTIDO MISSÃO,2024-07-04,PI,Total de aptos: 0
MISSÃO - PARTIDO MISSÃO,2024-07-04,RJ,Total de aptos: 3357,5
MISSÃO - PARTIDO MISSÃO,2024-07-04,RN,Total de aptos: 3203
MISSÃO - PARTIDO MISSÃO,2024-07-04,RS,Total de aptos: 181
MISSÃO - PARTIDO MISSÃO,2024-07-04,RO,Total de aptos: 0
MISSÃO - PARTIDO MISSÃO,2024-07-04,RR,Total de aptos: 0
MISSÃO - PARTIDO MISSÃO,2024-07-04,SC,Total de aptos: 0
MISSÃO - PARTIDO MISSÃO,2024-07-04,SP,Total de aptos: 32085
MISSÃO - PARTIDO MISSÃO,2024-07-04,SE,Total de aptos: 523
MISSÃO - PARTIDO MISSÃO,2024-07-04,TO,Total de aptos: 0
